paper_id,title,authors,year,doi,exclude,notes
P001,,,,,,
P002,,,,,,
P003,,,,,,
P004,,,,,,
P005,,,,,,
P006,,,,,,
P007,,,,,,
P008,,,,,,
P009,,,,,,
P010,,,,,,
P011,,,,,,
P012,,,,,,
P013,,,,,,
P014,,,,,,
P015,,,,,,
P016,,,,,,
P017,,,,,,
P018,,,,,,
P019,,,,,,
P020,,,,,,
P021,,,,,,
P022,,,,,,
P023,Motor Fault Prediction Based on Graph Convolutional Networks with Signal Association Mining,,,,false,Manual title correction; retained canonical copy.
P024,,,,,true,Duplicate of P023; normalized extracted text is identical.
P025,,,,,,
