paper_id,filename,sha256,title,authors,year,doi,abstract,keywords,page_count,characters_extracted,words_extracted,extraction_time_s,extraction_status,error,text_path
P001,Aragonés et al. - 2025 - Transforming Industrial Maintenance with Thermoelectric Energy Harvesting and NB-IoT A Case Study i.pdf,3a94b18ecdb151085a096f4dbec0cbdc7798f103613194a86bef83579c6c49b8,Transforming Industrial Maintenance with Thermoelectric Energy Harvesting and NB-IoT: A Case Study in Oil Refinery Applications,"Raúl Aragonés, Joan Oliver and Carles Ferrer",2024,10.3390/s25030703,"Heat-intensive industries (e.g., iron and steel, aluminum, cement) and ex- plosive sectors (e.g., oil and gas, chemical, petrochemical) face challenges in achieving Industry 4.0 goals due to the widespread adoption of industrial Internet of Things (IIoT) technologies. Wireless solutions are favored in large facilities to reduce the costs and com- plexities of extensive wiring. However, conventional wireless devices powered by lithium batteries have limitations, including reduced lifespan in high-temperature environments and incompatibility with explosive atmospheres, leading to high maintenance costs. This paper presents a novel approach for energy-intensive and explosive industries, which rep- resent over 40% of the gross production revenue (GPR) in several countries. The proposed solution uses residual heat to power ATEX-certified IIoT devices, eliminating the need for batteries and maintenance. These devices are designed for condition monitoring and predictive maintenance of rotating machinery, which is common in industrial settings. The study demonstrates the successful application of this technology, highlighting its potential to reduce costs and improve safety and efficiency in challenging industrial environments.",energy harvesting; thermoelectricity; LCA; carbon footprint; LoRaWAN; edge computing; NETZERO; energy-intensive industry,22,56510,8238,0.09717654099949868,ok,,/srv/data/papers/academic-screening-v0.1/extracted/P001.txt
P002,Banerjee et al. - 2026 - On-Device Low-Frequency Mechanical Fault Detection of Induction Motors using MEMS Sensors and Edge A.pdf,bbf68558f9a65b6cc33d33dbfdd305c17786e173e0f106c1e1094d7dc10142cc,On-Device Low-Frequency Mechanical Fault Detection of Induction Motors using MEMS Sensors and Edge AI,,2026,10.1109/ICCECE69715.2026.11492961,"—This paper presents a TinyML system for end- to-end, on-device vibration-based mechanical fault detection in single-phase induction motors. The sensing node integrates a low-cost MEMS inertial sensor (LSM6DSO) with an ESP32-C3 microcontroller. The proposed firmware implements orientation- invariant preprocessing, contiguous leakage-safe segmentation, and int8 quantized inference of a compact multi-channel 1D Convolutional Neural Network (CNN). Window-level outputs are aggregated using a confidence-weighted majority voting rule to provide robust diagnoses across four states: motorOFF, mo- torON, motorON NoFan, and motorON BadFan. By employing strictly contiguous file splits to prevent temporal data leakage, we report a window-level macro F1-score of 0.98 and a recording- level macro F1-score of 0.95 on held-out, position-specific data. The quantized model requires only 80 KB of Flash and 120 KB of RAM, with an inference latency of 82 ms. This demonstrates the feasibility of deploying sophisticated diagnostic AI on low- power edge devices for real-time industrial condition monitoring of induction motors.",,5,22805,3269,0.02035094400343951,ok,,/srv/data/papers/academic-screening-v0.1/extracted/P002.txt
P003,Bhoi et al. - 2022 - Advanced Edge Computing Framework for Grid Power Quality Monitoring of Industrial Motor Drive Applic.pdf,853ba98b52f48acc4afa0d0eacbfed45fc296cd84027f8bbc7f57c47336a92d1,Advanced Edge Computing Framework for Grid Power Quality Monitoring of Industrial Motor Drive Applications,,2022,10.1109/SPEEDAM53979.2022.9841966,"—In large-scale industrial machine applications (IMAs) during condition monitoring, all sensor devices can produce raw data up to 15TB of data/week. Transmitting these large high-frequency data sets to the cloud to closely monitor the operational environment and make decisions is not feasible for two reasons : (a) bandwidth and latency issues and (b) higher cost of data transfer and storage. Condition monitoring applications usually extract critical features from raw high frequency sensor signals and discard raw data to mitigate this issue. The computation is carried out on an edge device near to the application hardware and the role of the cloud/remote server is limited to receiving fault types, features, and monitoring. Therefore, this paper proposes an intelligent data capturing methodology with an edge-cloud framework for grid power quality monitoring of the IMAs that only triggers and transmits datasets to the cloud if the raw datasets contain any grid events and/or grid side anomalies. Using dSPACE, grid emulation is carried out virtually. Feature extraction using Short Term Fourier Transform (STFT) is done in the edge device and grid events are detected based on features. The proposed methodology is conﬁgured to send raw grid voltage data and features in the Microsoft Azure-based cloud that contain at least one abnormal grid event. Thus, the proposed approach of this paper limits the space requirement in the cloud by 95%, saves data transmission costs, and enables the cloud to run predictive maintenance algorithms.",,5,25894,4298,0.04727067299972987,ok,,/srv/data/papers/academic-screening-v0.1/extracted/P003.txt
P004,De las Morenas y Moya-Fernández - 2022 - Predictive Maintenance in Electrical Machines An Edge Computing Approach.pdf,612fc6708fa6cec2d48e7c3841f06c4e63138d2d95c254d708d2840c5ce56ecf,Predictive Maintenance in Electrical Machines: An Edge Computing Approach,,2022,10.1109/ICPS51978.2022.9816921,"—Predictive maintenance is one of the premises of the Industry 4.0. A condition monitoring and fault diagnostic never seen before are possible with the new technologies embracing the digitalisation. This paper presents an edge computing approach for the predictive maintenance of electrical machines based on motor current signature analysis (MCSA), using Fast Fourier Transform (FFT) and a Support Vector Machine (SVM) classifier. A broken rotor bars and eccentricity fault detection are implemented on Arduino platform, providing a low-cost solution affordable for small and medium enterprises. The system has been tested in a lathe in one of the laboratories of the Mining and Industrial School of Almaden (UCLM) with satisfactory results.",,6,33235,5049,0.02684200499788858,ok,,/srv/data/papers/academic-screening-v0.1/extracted/P004.txt
P005,Ech-Chadi et al. - 2025 - A New Framework Based on FOG Computing and Edge AI to Increase the Reliability of Predictive Mainten.pdf,8daf594a040e84181527965969a3088def4ddd2ba7eb50d5647ee935ce711370,A New Framework Based on FOG Computing and Edge AI to Increase the Reliability of Predictive Maintenance of Rotating Machines,,2025,10.1109/ICCSC66714.2025.11134853,"—In today’s industrial world, it is essential to ensure efficient and safe operation of machines to ensure productivity and reduce costs. Vibration analysis is one of the most effective tools used for this purpose. Vibration analysis is used to monitor the condition of rotating machines, detect potential problems early and avoid costly breakdowns. In this article, we will explore how the integration of vibration analysis with fog computing and edge artificial intelligence (Edge AI) can create a powerful system for real-time machine monitoring and predictive maintenance. Keywords—predictive maintenance, FOG computing, Edge AI, rotating machine I.",,5,19581,2713,0.021029663999797776,ok,,/srv/data/papers/academic-screening-v0.1/extracted/P005.txt
P006,ElSayed - 2025 - Feature Reduction of SVM-Based Classifier For Predictive Maintenance OF Rotating Machines.pdf,456df4ac66e4cfad7a8e391f9920fcfef84ffe1d8c64e7b832e2f8e3c2dab793,Feature Reduction of SVM-Based Classifier For Predictive Maintenance OF Rotating Machines,,,10.1109/NILES68063.2025.11232435,"—This study proposes a predictive maintenance approach aimed at diagnosing motor faults, particularly bearing failures, at an early stage to avoid costly unplanned machine downtime. The proposed method leverages vibration analysis and a Support Vector Machine (SVM) classifier to identify fault types based on frequency-domain features. A key contribution is the optimization of both model accuracy and computational efficiency through dimensionality reduction. The ReliefF feature selection algorithm was applied to identify the most significant statistical features which reduced the number of features from 11 to 7 while maintaining a classification accuracy of 93.3%. As a result, the reduced model exhibits a 20.8% improvement in prediction speed, which makes it better suited for edge-computing deployment.",,4,24757,3663,0.028555766999488696,ok,,/srv/data/papers/academic-screening-v0.1/extracted/P006.txt
P007,Fan et al. - 2025 - Cloud–Edge Collaborative Intelligent Fault Diagnosis of Rotor-Bearing System Methodology and Experi.pdf,d9235180d8f7efda762d7009d10bec9c999188b4a9d5e59ff4b3ebcb14cf2d61,Cloud&#x2013;Edge Collaborative Intelligent Fault Diagnosis of Rotor-Bearing System: Methodology and Experiment,,2025,10.1109/JSEN.2024.3513644,"—The condition monitoring and fault diagnosis of rotor-bearing systems are crucial for rotating machinery. The traditional methods rely on either a single edge computing of limited data processing capabilities or a single cloud computing of large data transmission volumes. In this article, a novel monitoring and diagnosis framework for rotor-bearing systems is proposed by combining cloud and edge comput- ing. First, a cloud–edge collaborative diagnosis architecture is designed, where data acquisition, signal processing, and feature extraction are assigned to the edge end, and a deep learning-based diagnosis task is assigned to the cloud end. The edge ends collect acceleration and displacement signals in real time through piezoelectric and eddy current sensors and uses empirical mode decomposition (EMD) and time–frequency feature extraction to realize preliminary fea- ture expression of the obtained signals. Second, the feature data are sent to the cloud end from the edge end, where an improved 1-D residual network (1D-ResNet) is used to clas- sify the feature data and realize data-driven fault diagnosis. To verify the effectiveness of the methodology, a cloud–edge collaborative fault diagnosis system is developed, including a rotor-bearing unit simulation platform, an edge-end condition monitoring device, and a cloud-end diagnosis and visualization platform. The results show that the cloud–edge collaborative fault diagnosis method and system excel in terms of accuracy and real-time performance, where the accuracy reaches 99.9% at 1400 r/min and the consuming time is about 1.4 s.",,16,65479,10446,0.05528789199888706,ok,,/srv/data/papers/academic-screening-v0.1/extracted/P007.txt
P008,G et al. - 2025 - Enhance Predictive Maintenance with AI Models Utilizing Real-Time Sensor Data with Industrial IoT t.pdf,0b7c8a505701e43822e1f7f86c9a5afcc9af8b965dbb723c6ab428a1c4be5e8d,Enhance Predictive Maintenance with AI Models: Utilizing Real-Time Sensor Data with Industrial IoT to Prevent Equipment Failure,,2025,10.1109/ICAICCIT68829.2025.11434315,"— Maintenance Practices in the Industry are Changing As predictive maintenance (PdM) is transforming how industries operate, managing and replacing parts after they broke or on a fixed calendar schedule to intervention only as needed based on the data that the part will fail before it does. Traditional maintenance plays critical roles in industrial systems, maintaining the equilibrium of either too- much downtime or over-servicing that derive performance- robbing inefficiencies with specific consequences including safety hazards and costs. The growing world of Industrial Internet of Things (IIoT) and Artificial Intelligence (AI) has opened up new ways to take advantage of real time sensor data, and how we can leverage this data for deeper insights into the health and prognosis of a machine. This study presents a holistic framework that incorporates AI models into IIoT based real-time monitoring systems to improve the predictive maintenance to reduce equipment downtime. The system operates through a network of sensors placed in the machinery on an industrial scale, which collect the data constantly from the parameters – such as vibration, temperature, pressure, acoustic signals and current flow. Various machine learning (ML) and deep learning (DL) models like Random Forests, SVMs, CNNs, LSTM are fed with these data streams to model the data. The same each algorithm is used to help prevent anomalies ahead of time, predict failure patterns and predict RUL. The network layers of edge/fog computing stream the data into the system with real-time data ingestion for instant analysis and decision making. One of its key characteristics is that it is compatible with various types of machines and industrial contexts. It automatically enables the system for use with specific equipment—rotating machinery, HVAC systems or conveyor motors—an example of a data preprocessing approach combined with feature selection that allows for retraining the model. On the plus side, including unsupervised learning methods also means we can identify new/unseen failure modes and further improve our maintenance system's robustness. We experimentally validated our method on public benchmark datasets and real-world industrial testbeds. That study shows that predictive maintenance using AI tools is 35% more effective in reducing the duration of unexpected stops and increases the accuracy of scheduling time for service by 40%, compared to traditional methods. This work presents a promising approach to develop smart maintenance and asset management using real-time sensor data coupled with cutting-edge AI analytics.",,6,33225,4763,0.022862762998556718,ok,,/srv/data/papers/academic-screening-v0.1/extracted/P008.txt
P009,Hu et al. - 2022 - An Intelligent Anomaly Detection Method for Rotating Machinery Based on Vibration Vectors.pdf,5c2969ff8cae2c05c95f1c8a0465601c3d88aa07ac412aa1d00417377bf58e7f,An Intelligent Anomaly Detection Method for Rotating Machinery Based on Vibration Vectors,,2022,10.1109/JSEN.2022.3179740,"—Anomaly detection is a common technology for condition monitoring that is important for safe and reliable production in industry. In this work, we proposed an anomaly detection method for rotating machinery based on vibration vectors, which was inspired by Polar plot in vibration analysis. The vibration vector, consisting of amplitude and phase, was selected as monitored indicator at different characteristic frequencies (CFs). The original vibration vectors obtained by fast Fourier transform-based order analysis (FFT-OA) were mapped from Polar to Cartesian plot for simpliﬁed calculation and better visualization. The acceptance region deﬁned to distinguish anomalies from normal conditions was learned by support vector data description (SVDD) model with normal vibration samples. We proposed the anomaly score to indicate the degree of deviation from normal condition, and the ﬁt degree to reduce underﬁtting of data description model. Two datasets, obtained from a real steam turbine and a real steam feed pump respectively, were used to validate the method under constant and variable speed operation conditions. Compared to the amplitude-based methods, the proposed method exhibited an extremely strong ability to detect anomalies in advance. Moreover, SVDD performed better than the minimum covariance determinant (MCD) and isolated forest (iForest) methods in terms of describing the acceptance region in the present work. With low time- consuming calculation, the acceptance region can be self-evolving easily and has a prospect to the edge computing for machine condition monitoring.",,12,60128,9641,0.034911031005322,ok,,/srv/data/papers/academic-screening-v0.1/extracted/P009.txt
P010,Kulkarni et al. - 2026 - EDGE-AI ENABLED FAULT DETECTION AND ROOT CAUSE ANALYSIS IN INDUSTRIAL MOTORS USING MULTIMODAL SENSOR.pdf,5a137c006687150797ff7d155eed81683edec089c2aa69713085b1b1280a62f0,Edge-Ai Enabled Fault Detection And Root Cause Analysis In Industrial Motors Using Multimodal Sensor Data,"Jayashree Kulkarni 1 , Ramesh Kagalkar 2 and Nandini Sidnal 3",2026,10.5121/ijcnc.2026.18305,"This article presents an Edge-AI enabled hybrid deep learning framework for real-time fault detection and root cause analysis in industrial motors using multimodal sensor data, containing vibration, temperature, and current signals. The proposed system leverages a CNN-LSTM model deployed on edge devices to accurately classify operational states into normal, minor, and major faults. A dataset comprising 15,000 labeled samples collected from real-world industrial setups and augmented through techniques such as SMOTE and time-warping was used for training and evaluation. In the implementation,the CNN component captures spatial patterns in sensor data, while the LSTM layer models temporal dependencies, enabling effective fault diagnosis. The proposed hybrid model achieved superior performance with 96.8% accuracy, 97.2% precision, 96.5% recall, and an F1-score of 96.8%, along with a low inference latency of ≤198 ms, demonstrating suitability for real-time edge deployment. Comparative analysis against CNN-only and LSTM-only models confirms the hybrid architecture’s advantage in fault sensitivity and prediction reliability. Additional insights from confusion matrix analysis, ROC-AUC evaluation, and fault-wise performance metrics validate the model’s robustness. The system also incorporates TinyML-based optimizations and lightweight messaging for efficient edge computing, making it a scalable solution for predictive maintenance in Industry 4.0 applications.",,23,73425,9824,0.0402239559989539,ok,,/srv/data/papers/academic-screening-v0.1/extracted/P010.txt
P011,Kumar et al. - 2026 - Transformer with multi-head attention mechanism for bearing fault detection.pdf,b44a686e7853c23e84bee62c220d9dd7f678335e265c06194458d5d3b2acc275,Transformer with multi-head attention mechanism for bearing fault detection,Prashant Kumar,2026,10.1016/j.asoc.2026.114980,,"Bearing fault Transformer Multi-head attention Vibration A B S T R A C T Timely fault detection of bearings is vital to ensure the uninterrupted functioning of rotating machinery in in­ dustry. Research on fault detection strategy for bearings has accelerated due to developments in artificial in­ telligence and computation, although managing large amounts of intricate sensor data remains complex. The traditional approaches rely on handcrafted features and shallow learning models, which in high-dimensional sensor data, may struggle to capture complex fault patterns. Using the transformer model with a multi-head attention mechanism, this work designs an innovative bearing fault detection method. Transformer architec­ ture, renowned for its efficacy in natural language processing applications, is tailored to handle sequential sensor input efficiently, without requiring identifiable features. The multi-head attention mechanism enables the model to capture both local and global dependencies that are essential for fault recognition, which aids in the model’s focus on various input sequence segments. The model was evaluated on a two real-world benchmark bearing dataset namely, Case Western Reserve University (CWRU) bearing dataset and Society for Machinery Failure Prevention Technology (MFPT) bearing dataset and compared with the deep learning baselines. This work also eliminated the need for extensive data processing and achieved superior fault detection accuracy. The results revea",10,61784,8873,0.028586038999492303,ok,,/srv/data/papers/academic-screening-v0.1/extracted/P011.txt
P012,Lee et al. - 2026 - Frequency-band graph-based sensor fusion with sensitivity-aware energy assist network for machinery.pdf,67c9a788cd2bd184bd074787cd8dd07e8c1cdf3ac03e45484d0103c92b21c64d,Frequency-band graph-based sensor fusion with sensitivity-aware energy assist network for machinery system fault diagnosis,Sang Kyung Lee,2024,10.1016/j.engappai.2026.115273,,"System fault diagnosis Graph representation Graph neural networks Sensor fusion A B S T R A C T Graph-based fault diagnosis methods have shown capabilities in multi-sensor data fusion by representing the hidden relationships between sensors. However, their effective application in complex machinery systems re­ mains challenging. First, constructing a graph that fully captures system-level fault characteristics is difficult, as fault-related features in signals are often subtle and widely distributed across multiple frequency bands. Second, learning accurate and efficient graph representations during model training is hindered by the fact that sensor signals exhibit varying sensitivities to different fault modes, and each fault mode presents distinct frequency- domain behaviors, such as energy shifts or unique fault frequencies. To overcome these challenges, this article proposes frequency-band graph-based sensor fusion with sensitivity-aware energy assist network (FBG-SEANet), a newly developed graph-based sensor fusion framework. The frequency-band graph (FBG) is a novel graph construction strategy that decomposes sensor signals into multiple frequency bands, builds a subgraph for each band, and connects them to form the final graph, thereby preserving subtle fault features distinctive to each band. Using the FBG as input, the sensitivity-aware energy assist network (SEANet) is designed with a sensitivity- aware readout (SR) layer to capture signal sensitivity to each fault.",18,96045,13821,0.04591247200005455,ok,,/srv/data/papers/academic-screening-v0.1/extracted/P012.txt
P013,Ma et al. - 2024 - Gear Fault Diagnosis in Geared Motors Based on Frequency Adaptation Graph Prototype Network with Lim.pdf,0b05f1a2d685c619a5360f11d590273cc4918632a0efd1832cd5be4fb409a464,Gear Fault Diagnosis in Geared Motors Based on Frequency Adaptation Graph Prototype Network with Limited Data,,2024,10.1109/TIA.20,"-Detecting and classifying gear faults with limited labeled data is essential for effective fault diagnosis in electromechanical systems. This paper presents a novel Frequency Adaptation Graph Prototype Network (FAGPN) for classifying various gear faults in geared motors. FAGPN employs customized low-pass and high-pass filters, integrated with an attention mechanism, to enhance multi- scale feature fusion from vibration signals processed through various frequency-time methods. Additionally, FAGPN projects embeddings onto hyperspherical space with a consistency constraint to improve accuracy. Experimental results on real-world datasets involving multiple gear sets in different states demonstrate the superior performance of FAGPN. Remarkably, with a training ratio of 1%, FAGPN achieves over 99% accuracy.",,6,27600,4067,0.0270079080000869,ok,,/srv/data/papers/academic-screening-v0.1/extracted/P013.txt
P014,Mahesh et al. - 2022 - Employment of ANN for Predictive Motor Maintenance and Bearing Fault Detection Using Park’s Vector A.pdf,43d265730a32bab551909b20a7d89941f78bb3bdaf345470ba796d42c81cbaba,Employment of ANN for Predictive Motor Maintenance and Bearing Fault Detection Using Park&#x2019;s Vector Analysis,,2022,10.1109/ROMA55875.2022.9915683,"— Predictive maintenance is an emerging concept that is gaining mainstream popularity in industrial automation. It involves continuous monitoring of the machinery's health, status and performance in real-time. Hence, it allows the industry to schedule maintenance only when specific conditions are met and before the machinery breaks down. Critical machinery such as three-phase induction motors is being used widely in industrial processes. However, they are subjected to many electrical and mechanical stresses due to their long operating times. Bearing faults account for the highest faults in the induction motor. If the faults go unnoticed, they can result in motor failure, which generates economic losses. Thus, the tracking of motor health becomes ineluctable. One of the most effective ways to understand health and efficiency is through motor current signature analysis (MCSA). The proposed model employed MCSA by plotting Park's vector analysis graph to predict motor health. This graph would then be fed as the input to an artificial neural network (ANN) for automated classification of the healthy or unhealthy motor. The trained model has managed to acquire an accuracy >99% in the test set, thus triumphing over other predictive maintenance methods. It is designed so that the proposed model's computational complexity is low enough to run on edge computing devices to implement an efficient industrial automation system.",,6,25688,3886,0.016242542005784344,ok,,/srv/data/papers/academic-screening-v0.1/extracted/P014.txt
P015,Mian et al. - 2023 - Artificial intelligence of things based approach for anomaly detection in rotating machines.pdf,b03d73cc92fecedde8bbfdc1614c321e6f7b8113da1541f10623786cf03ff8d3,Artificial intelligence of things based approach for anomaly detection in rotating machines,Tauheed Mian,2023,10.1016/j.compeleceng.2023.108760,,"Internet of things Fault detection Edge computing Remote monitoring Machine learning A B S T R A C T In the present era of Industry 4.0, Artificial Intelligence (AI) and Internet of Things (IoT) are revitalizing the predictive maintenance systems for industrial rotating machines through real- time approaches. In this work, an Artificial Intelligence of Things (AIoT) based framework is developed and implemented for anomaly detection in rotating machines through vibration monitoring. Signals are captured using a low-cost MPU6050 accelerometer with Raspberry Pi 4B as an edge device. The edge-centric mechanism is based on Support Vector Machine (SVM) for effective implementation on the edge device. A dedicated web-based platform is designed to communicate with the edge device for real-time decisions. The developed framework is validated on three rotating machines, including gear test rig, bearing test rig, and induction motor. The results demonstrate the robustness of the proposed method for anomaly detection on different machines. Also, the developed framework has the capability to remotely monitor and control the machines in real-time.",14,56286,8239,0.028011795002385043,ok,,/srv/data/papers/academic-screening-v0.1/extracted/P015.txt
P016,Nguyen y Kim - 2025 - Efficient Bearing Fault Diagnosis for Edge Computing Using Grayscale Spectrograms and Hybrid Neural.pdf,823f0767300964a1c7974f788e0bf384f12c8d8c15b8b7e25d4e2d3f0cbaa7e8,"Received 1 August 2025, accepted 17 August 2025, date of publication 20 August 2025, date of current version 26 August 2025.",,2025,10.1109/ACCESS.2025.3600678,"Bearing elements play important roles in mechanical machining. Efficient monitoring and detection of bearing faults are critical for ensuring motor reliability. Deep learning techniques, particularly those that use convolutional neural networks, have emerged as prominent solutions for achieving high accuracy in bearing fault classification. However, the computational complexities of these models render them unsuitable for use in resource-constrained devices. In this study, we explored the application of a combination of multiple techniques, including knowledge distillation, layer fusion, and quantization-aware training, to develop lightweight models that accelerate inference speed while maintaining high accuracy. In addition, acoustic emission signals containing bearing health information were preprocessed using a short-time Fourier transform and converted into grayscale spectrograms before being fed into a neural network. The experimental results indicate that the proposed method can significantly reduce the inference latency and memory footprint while achieving high accuracy for different bearing fault types at variable rotational speeds.",,17,75003,11000,0.0674967890008702,ok,,/srv/data/papers/academic-screening-v0.1/extracted/P016.txt
P017,Nguyen y Kim - 2026 - A Lightweight Heterogeneous Neural Network Architecture for Multiscale Feature Extraction in Bearing.pdf,cc9357416e0d7af186239fcadedb1b2a7429497f7e24fb87018f5a788a53b32f,A Lightweight Heterogeneous Neural Network Architecture for Multiscale Feature Extraction in Bearing Fault Diagnosis,,2026,10.1109/ACCESS.2026.3694523,"Bearings are critical components in rotating machinery, and efficient fault detection is essential for maintaining motor reliability and operational integrity. This study proposes a novel neural network architecture for efficient bearing fault diagnosis that simultaneously captures local and global feature repre- sentations from log-Mel spectrograms derived from wideband acoustic emission signals. The framework combines a multiscale convolutional neural network with a Mamba-based selective state space model to improve the discrimination of complex fault patterns while preserving low computational complexity. To support context-aware learning, an adaptive feature fusion strategy is adopted to dynamically integrate features from preceding layers. The proposed framework is further implemented on an embedded platform to evaluate its suitability for edge computing. Experimental results demonstrate that the method achieves superior accuracy and efficiency across multiple fault types and rotational speeds, outperforming existing classification approaches. These results support the development of fully automated bearing condition monitoring systems and underscore the potential of in-sensor computing.",,19,79137,11662,0.054960523993941024,ok,,/srv/data/papers/academic-screening-v0.1/extracted/P017.txt
P018,Periasamy et al. - 2026 - A Novel Hierarchical Temporal–Graph Physics-Guided Fusion Network for Predictive Fault Diagnosis in.pdf,2c05084fe031970def3f72a575f8e328a75847c02153eb4c5a8446b275495f44,ISSN: 2093-5374 / E-ISSN: 2093-5382,JOWUA,2093,10.58346/JOWUA.2026.I1.034,"The success and the importance of industrial robotic arms in contemporary automation rely on their accuracy, velocity, and capability of functioning under varied conditions, but mechanical and electromechanical deteriorations, including bearing wear, gear backlash, joint misalignment, and imbalance of motor torque, may negatively affect performance, safety, and production unless inner problems are revealed early. The traditional methods of maintenance, such as reactive repairs and fixed-interval inspections, are inefficient and do not capture the faults in their early stages, whereas the current machine learning-based solutions typically process sensor signals separately, neglecting inter-joint kinematic constraints, and are not physically interpretable, leading to poor performance in cases of rare or hidden faults. This paper will solve these challenges by introducing a Hierarchical Temporal-Graph Physics-Guided Fusion Network (HT-GP-FusionNet) in predictive fault diagnosis of robotic arms. The framework incorporates hierarchical temporal modeling to decompose short-term and long-term dynamics in multi-sensor data consisting of accelerometers, gyroscopes, motor currents, and joint positions, and a graph neural network fully captures the inter-joint relationships and fault propagation along the kinematic chain. It uses a physics-based regularization that requires consistency with motion equations and energy conservation laws, and generates samples of faults to be generated by a generative fault augmentation model to promote few-shot generalization. The experimental results on a set of 50,000 sequences (10 sensors, five fault types) sampled at 1 kHz show that HT-GP-FusionNet outperforms CNN (89.3), LSTM (90.5), CNN-LSTM (92.8), and GNN-based (93.6) models in all metrics and has higher recall with rare faults, and can be used when the number is unbalanced. These conclusions have been proved by ablation experiments that show temporal modeling, graph reasoning, physics-guided regularization, and data augmentation make significant contributions to performance. In general, HT-GP-FusionNet offers a scalable, interpretable, and physics-consistent solution to the early and accurate predictive Journal of Wireless Mobile Networks, Ubiquitous Computing, and Dependable Applications (JoWUA), volume: 17, number: 1 (March - 2026), pp. 612-629. DOI: 10.58346/JOWUA.2026.I1.034 *Corresponding author: Research Scholar, Department of Robotics Engineering, Karunya Institute of Technology and Sciences, Coimbatore, India. ===== PAGE 2 ===== A Novel Hierarchical Temporal–Graph Physics-Guided Fusion Network for Predictive Fault Diagnosis in Robotic Arms Balaji Periasamy et al. 613 maintenance, hence higher reliability, safety, and operational efficiency during industrial robotic systems.","Robotic Arms, Predictive Fault Diagnosis, Physics-Guided Learning, Graph Transformer, Hierarchical Temporal Modeling, Multi-Sensor Fusion, Predictive Maintenance.",18,61252,8186,0.035350571997696534,ok,,/srv/data/papers/academic-screening-v0.1/extracted/P018.txt
P019,Safiullin y Gennadievich Isavnin - 2025 - Investigation of the Capabilities of Artificial Intelligence in Predictive Maintenance of Technical.pdf,74ff1a831cf6eab0042b13ebbe2f94a2792a3026e9c849fd3e7bba075ab79eba,Investigation of the Capabilities of Artificial Intelligence in Predictive Maintenance of Technical Equipment,,2025,10.1109/BTS-I2C67944.2025.11399459,"—Predictive maintenance promises to curb unplanned downtime and extend asset life, yet real-world deployments struggle with scarce fault labels, strict privacy rules, and limited edge-compute budgets. This paper presents an end-to-end framework that combines a physics-based digital twin, contrastive self-supervised representation learning, and FedProx-style federated optimisation to deliver sub-second anomaly detection on low-power industrial edge devices while keeping raw data on-site. A 12 000-hour pilot on five induction- motor drives achieved an F1-score of 0.92—13 percentage points above the best fully supervised baseline—and issued a single true bearing-fault alert 19 days in advance, avoiding an estimated 32 500 Euro in downtime. The encoder–classifier stack fits in 18 MB of memory, runs at 2.4 ms latency on an NVIDIA Jetson Orin Nano, and exchanges only 6.5 MB of encrypted weight updates every six hours. These results indicate that self-supervision, synthetic replay, and privacy- preserving federation together form a scalable path toward industry-grade, regulation-compliant predictive maintenance.",,6,31979,4450,0.024817111996526364,ok,,/srv/data/papers/academic-screening-v0.1/extracted/P019.txt
P020,Tang et al. - 2022 - Graph Cardinality Preserved Attention Network for Fault Diagnosis of Induction Motor Under Varying S.pdf,a21a4f68c75c51e73564718ff9f71ff5cf2420ec42abf5bb66174e015fd12e02,Graph Cardinality Preserved Attention Network for Fault Diagnosis of Induction Motor Under Varying Speed and Load Condition,,2022,10.1109/TII.2021.3112696,"—During the long-term operation of motors, their working conditions are changing due to the industrial demands or declining health status, and traditional diagno- sis methods perform poorly in that case. This article pro- poses a fault diagnosis method based on graph cardinal- ity preserved attention network (GCPAT), which can work under varying working conditions, and can be generalized to the transient state. Diagnosis results are obtained by analyzing signal-converting graphs, which are composed of nodes and edges. First, the vibration signals are con- verted into symmetrical snowﬂake images by symmetrized dot pattern (SDP) method. Second, SLIC is developed to make homogeneous super-pixels in SDP images as nodes, and form graphs according to color, texture, and distance features. Finally, the GCPAT is utilized to distinguish mo- tor status. Compared with other state-of-art methods, the results show the out-performance of GCPAT under varying working conditions both in steady and transient state.",,11,40144,6349,0.048098210005264264,ok,,/srv/data/papers/academic-screening-v0.1/extracted/P020.txt
P021,Xiao et al. - 2026 - CDGCN A CNN-enhanced dynamic graph convolutional network for multimodal fault diagnosis.pdf,825bd8f38cdcec35da4cfc8bbc26eca097bc7fb1ac10552fea9c274d9e70e7e9,CDGCN: A CNN-enhanced dynamic graph convolutional network for multimodal fault diagnosis,Songhua Xiao,2026,10.1016/j.measurement.2026.120788,,"Fault diagnosis Graph neural network Wasserstein distance Dynamic graph structure Multimodal fusion A B S T R A C T Intelligent fault diagnosis of rotating machinery under variable-speed and high-noise conditions remains chal- lenge. Current deep learning-based approaches to multimodal fault diagnosis (e.g., using vibration and acoustic signals) face two major limitations. First, the approaches struggle to effectively fuse heterogeneous yet com- plementary information across different modalities. Second, when employing Graph Neural Networks (GNNs), they often rely on manually defined or static graph structures. This reliance prevents end-to-end, data-driven optimization and limits the adaptability to varying working conditions. To address these limitations, this paper proposes a novel CNN-enhanced Dynamic Graph Convolutional Network (CDGCN) for cross-modal fault diag- nosis using vibration and acoustic signals. The CDGCN introduces an adaptively dynamic, data-driven graph construction strategy. A shared CNN first extracts local discriminative features from raw signals and maps them into probability distributions, from which Sinkhorn-approximated Wasserstein distances are computed to construct a dynamic adjacency matrix. The resulting graph structure enables a Graph Convolutional Network (GCN) to adaptively model inter-segment and cross-modal interactions, with the original CNN features serving as rich node attributes. This architecture effectively integrates temporal pattern ",16,64335,9555,0.05101887600176269,ok,,/srv/data/papers/academic-screening-v0.1/extracted/P021.txt
P022,Zahra et al. - 2025 - Noise-Robust and Edge Deployable ML Framework for Predictive Maintenance of Industrial Motors.pdf,f14e5a6c4b2f8986013a795779bd72c3e105ccafa0721a460140ea7e328c1ca1,Noise-Robust and Edge Deployable ML Framework for Predictive Maintenance of Industrial Motors,,2025,10.3390/en17010008,"—Industrial three-phase induction motors are critical to manufacturing operations, yet their failure can cause costly downtime and maintenance overhead. This work introduces a machine learning framework tailored for fault diagnosis and severity assessment in such motors, using synthetic data that replicates six realistic electromagnetic and mechanical fault con- ditions. The system employs synchronized vibration and current signals, and evaluates several classifiers—including LSTM, GRU, TCN, RNN, and Random Forest—under varying industrial noise profiles such as phase jitter, frequency drift, and transient spikes. Experimental results demonstrate that time-series models con- sistently outperform classical approaches in noisy environments. For deployment on resource-constrained edge devices, structured pruning and quantization are applied to reduce model size and latency. Beyond motor fault classification, the framework also detects and visualizes approximately spherical clusters to comprehend fault severity levels. The proposed system enables scalable fault monitoring and low-latency predictive maintenance optimized for embedded industrial environments.",,9,45589,6418,0.02024754999729339,ok,,/srv/data/papers/academic-screening-v0.1/extracted/P022.txt
P023,Zhang et al. - 2026 - Motor Fault Prediction Based on Graph Convolutional Networks with Signal Association Mining.pdf,d69e2e3e1acc19e644115ccabe8d01732ec78134cb22ea716e5301339e31d599,Procedia Computer Science 281 (2026) 1022–1028,,2026,,,"Vibration signals, Motors; Fault diagnosis, Graph convolutional Network, Recurrent neural network",7,21770,3123,0.029003661999013275,ok,,/srv/data/papers/academic-screening-v0.1/extracted/P023.txt
P024,Zhang et al. - Motor Fault Prediction Based on Graph Convolutional Networks with Signal Association Mining.pdf,e5d49e40717ce8f650eee56104e3a72f12fd3d344a477cb67c47d165f104322e,Procedia Computer Science 281 (2026) 1022–1028,,2026,,,"Vibration signals, Motors; Fault diagnosis, Graph convolutional Network, Recurrent neural network",7,21770,3123,0.02924937599891564,ok,,/srv/data/papers/academic-screening-v0.1/extracted/P024.txt
P025,Zhao y Wang - 2024 - A Deployable Edge Computing Solution for Machine Condition Monitoring.pdf,c9eb1b27eccda1356fca4aea0c1d27da75cb33f832726000a684f6c604358e3a,A Deployable Edge Computing Solution for Machine Condition Monitoring,,2004,10.1109/I2MTC60896.2024.10560795,"—Machine condition monitoring and predictive maintenance are critical components of smart manufacturing. The realization of machine predictive maintenance relies on synthetic integration of advanced sensing, Internet of Things (IoT), cloud computing, and Artificial Intelligence (AI)-enabled data analytics for machine condition diagnosis and prognosis. One challenge that hurdles the manufacturing shop floor from implementing predictive maintenance is its outdated hardware and limited internet bandwidth, which prevents the floor from transmitting all collected data to the cloud for centralized data analytics. One promising solution is edge-cloud computing and decision-making architecture. In such an infrastructure, collected sensing data will be first processed on edge to directly obtain machine diagnosis results (e.g., normal vs. abnormal), and only extracted features or selected raw data will be transmitted to the cloud for further analytics (e.g., remaining life prognosis). To improve the affordability and applicability of edge computing, this study proposed a novel and deployable edge device that adopts a feature-based Tiny Machine Learning (Tiny ML) model to achieve vibration data processing and machine condition monitoring while maintaining the modeling generalizability and computing efficiency. It integrates a Microelectromechanical Systems (MEMS) accelerometer for vibration data sampling (up to 20 kHz) and a microcontroller for edge computing and communication to the cloud. The integral IoT system, which involves the edge device, cloud services, and wireless communication between the edge and cloud is presented, emphasizing its plug-and-play capability. In this framework, MQTT protocol is adopted for communication among edge, cloud, and end users, allowing processed signal information and machine diagnosis results to be published to end users in real-time. Extensive experiments have been conducted in the context of industrial motor condition monitoring and fault diagnosis. High classification accuracy has been demonstrated by the device-deployable Tiny ML, comparable or even better than the integration of high-cost commercial sensors with more advanced ML analytics. Additionally, the edge device’s durability and power efficiency are also evaluated.",,6,34977,5187,0.029382532004092354,ok,,/srv/data/papers/academic-screening-v0.1/extracted/P025.txt
