paper_id,filename,relative_path,size_bytes,modified_utc,sha256
P001,Aragonés et al. - 2025 - Transforming Industrial Maintenance with Thermoelectric Energy Harvesting and NB-IoT A Case Study i.pdf,Aragonés et al. - 2025 - Transforming Industrial Maintenance with Thermoelectric Energy Harvesting and NB-IoT A Case Study i.pdf,8411335,2026-09-04T15:38:22+00:00,3a94b18ecdb151085a096f4dbec0cbdc7798f103613194a86bef83579c6c49b8
P002,Banerjee et al. - 2026 - On-Device Low-Frequency Mechanical Fault Detection of Induction Motors using MEMS Sensors and Edge A.pdf,Banerjee et al. - 2026 - On-Device Low-Frequency Mechanical Fault Detection of Induction Motors using MEMS Sensors and Edge A.pdf,2697582,2026-09-04T15:38:22+00:00,bbf68558f9a65b6cc33d33dbfdd305c17786e173e0f106c1e1094d7dc10142cc
P003,Bhoi et al. - 2022 - Advanced Edge Computing Framework for Grid Power Quality Monitoring of Industrial Motor Drive Applic.pdf,Bhoi et al. - 2022 - Advanced Edge Computing Framework for Grid Power Quality Monitoring of Industrial Motor Drive Applic.pdf,442264,2026-09-04T15:38:22+00:00,853ba98b52f48acc4afa0d0eacbfed45fc296cd84027f8bbc7f57c47336a92d1
P004,De las Morenas y Moya-Fernández - 2022 - Predictive Maintenance in Electrical Machines An Edge Computing Approach.pdf,De las Morenas y Moya-Fernández - 2022 - Predictive Maintenance in Electrical Machines An Edge Computing Approach.pdf,653512,2026-09-04T15:38:22+00:00,612fc6708fa6cec2d48e7c3841f06c4e63138d2d95c254d708d2840c5ce56ecf
P005,Ech-Chadi et al. - 2025 - A New Framework Based on FOG Computing and Edge AI to Increase the Reliability of Predictive Mainten.pdf,Ech-Chadi et al. - 2025 - A New Framework Based on FOG Computing and Edge AI to Increase the Reliability of Predictive Mainten.pdf,809335,2026-09-04T15:38:22+00:00,8daf594a040e84181527965969a3088def4ddd2ba7eb50d5647ee935ce711370
P006,ElSayed - 2025 - Feature Reduction of SVM-Based Classifier For Predictive Maintenance OF Rotating Machines.pdf,ElSayed - 2025 - Feature Reduction of SVM-Based Classifier For Predictive Maintenance OF Rotating Machines.pdf,1211408,2026-09-04T15:38:22+00:00,456df4ac66e4cfad7a8e391f9920fcfef84ffe1d8c64e7b832e2f8e3c2dab793
P007,Fan et al. - 2025 - Cloud–Edge Collaborative Intelligent Fault Diagnosis of Rotor-Bearing System Methodology and Experi.pdf,Fan et al. - 2025 - Cloud–Edge Collaborative Intelligent Fault Diagnosis of Rotor-Bearing System Methodology and Experi.pdf,10072288,2026-09-04T15:38:22+00:00,d9235180d8f7efda762d7009d10bec9c999188b4a9d5e59ff4b3ebcb14cf2d61
P008,G et al. - 2025 - Enhance Predictive Maintenance with AI Models Utilizing Real-Time Sensor Data with Industrial IoT t.pdf,G et al. - 2025 - Enhance Predictive Maintenance with AI Models Utilizing Real-Time Sensor Data with Industrial IoT t.pdf,1107583,2026-09-04T15:38:22+00:00,0b7c8a505701e43822e1f7f86c9a5afcc9af8b965dbb723c6ab428a1c4be5e8d
P009,Hu et al. - 2022 - An Intelligent Anomaly Detection Method for Rotating Machinery Based on Vibration Vectors.pdf,Hu et al. - 2022 - An Intelligent Anomaly Detection Method for Rotating Machinery Based on Vibration Vectors.pdf,4548826,2026-09-04T15:38:22+00:00,5c2969ff8cae2c05c95f1c8a0465601c3d88aa07ac412aa1d00417377bf58e7f
P010,Kulkarni et al. - 2026 - EDGE-AI ENABLED FAULT DETECTION AND ROOT CAUSE ANALYSIS IN INDUSTRIAL MOTORS USING MULTIMODAL SENSOR.pdf,Kulkarni et al. - 2026 - EDGE-AI ENABLED FAULT DETECTION AND ROOT CAUSE ANALYSIS IN INDUSTRIAL MOTORS USING MULTIMODAL SENSOR.pdf,891374,2026-09-04T15:38:22+00:00,5a137c006687150797ff7d155eed81683edec089c2aa69713085b1b1280a62f0
P011,Kumar et al. - 2026 - Transformer with multi-head attention mechanism for bearing fault detection.pdf,Kumar et al. - 2026 - Transformer with multi-head attention mechanism for bearing fault detection.pdf,3373197,2026-09-04T15:38:22+00:00,b44a686e7853c23e84bee62c220d9dd7f678335e265c06194458d5d3b2acc275
P012,Lee et al. - 2026 - Frequency-band graph-based sensor fusion with sensitivity-aware energy assist network for machinery.pdf,Lee et al. - 2026 - Frequency-band graph-based sensor fusion with sensitivity-aware energy assist network for machinery.pdf,10956241,2026-09-04T15:38:22+00:00,67c9a788cd2bd184bd074787cd8dd07e8c1cdf3ac03e45484d0103c92b21c64d
P013,Ma et al. - 2024 - Gear Fault Diagnosis in Geared Motors Based on Frequency Adaptation Graph Prototype Network with Lim.pdf,Ma et al. - 2024 - Gear Fault Diagnosis in Geared Motors Based on Frequency Adaptation Graph Prototype Network with Lim.pdf,1723473,2026-09-04T15:38:22+00:00,0b05f1a2d685c619a5360f11d590273cc4918632a0efd1832cd5be4fb409a464
P014,Mahesh et al. - 2022 - Employment of ANN for Predictive Motor Maintenance and Bearing Fault Detection Using Park’s Vector A.pdf,Mahesh et al. - 2022 - Employment of ANN for Predictive Motor Maintenance and Bearing Fault Detection Using Park’s Vector A.pdf,464526,2026-09-04T15:38:22+00:00,43d265730a32bab551909b20a7d89941f78bb3bdaf345470ba796d42c81cbaba
P015,Mian et al. - 2023 - Artificial intelligence of things based approach for anomaly detection in rotating machines.pdf,Mian et al. - 2023 - Artificial intelligence of things based approach for anomaly detection in rotating machines.pdf,12847877,2026-09-04T15:38:22+00:00,b03d73cc92fecedde8bbfdc1614c321e6f7b8113da1541f10623786cf03ff8d3
P016,Nguyen y Kim - 2025 - Efficient Bearing Fault Diagnosis for Edge Computing Using Grayscale Spectrograms and Hybrid Neural.pdf,Nguyen y Kim - 2025 - Efficient Bearing Fault Diagnosis for Edge Computing Using Grayscale Spectrograms and Hybrid Neural.pdf,12242157,2026-09-04T15:38:22+00:00,823f0767300964a1c7974f788e0bf384f12c8d8c15b8b7e25d4e2d3f0cbaa7e8
P017,Nguyen y Kim - 2026 - A Lightweight Heterogeneous Neural Network Architecture for Multiscale Feature Extraction in Bearing.pdf,Nguyen y Kim - 2026 - A Lightweight Heterogeneous Neural Network Architecture for Multiscale Feature Extraction in Bearing.pdf,2734476,2026-09-04T15:38:22+00:00,cc9357416e0d7af186239fcadedb1b2a7429497f7e24fb87018f5a788a53b32f
P018,Periasamy et al. - 2026 - A Novel Hierarchical Temporal–Graph Physics-Guided Fusion Network for Predictive Fault Diagnosis in.pdf,Periasamy et al. - 2026 - A Novel Hierarchical Temporal–Graph Physics-Guided Fusion Network for Predictive Fault Diagnosis in.pdf,667709,2026-09-04T15:38:22+00:00,2c05084fe031970def3f72a575f8e328a75847c02153eb4c5a8446b275495f44
P019,Safiullin y Gennadievich Isavnin - 2025 - Investigation of the Capabilities of Artificial Intelligence in Predictive Maintenance of Technical.pdf,Safiullin y Gennadievich Isavnin - 2025 - Investigation of the Capabilities of Artificial Intelligence in Predictive Maintenance of Technical.pdf,975131,2026-09-04T15:38:22+00:00,74ff1a831cf6eab0042b13ebbe2f94a2792a3026e9c849fd3e7bba075ab79eba
P020,Tang et al. - 2022 - Graph Cardinality Preserved Attention Network for Fault Diagnosis of Induction Motor Under Varying S.pdf,Tang et al. - 2022 - Graph Cardinality Preserved Attention Network for Fault Diagnosis of Induction Motor Under Varying S.pdf,8800221,2026-09-04T15:38:22+00:00,a21a4f68c75c51e73564718ff9f71ff5cf2420ec42abf5bb66174e015fd12e02
P021,Xiao et al. - 2026 - CDGCN A CNN-enhanced dynamic graph convolutional network for multimodal fault diagnosis.pdf,Xiao et al. - 2026 - CDGCN A CNN-enhanced dynamic graph convolutional network for multimodal fault diagnosis.pdf,23300447,2026-09-04T15:38:22+00:00,825bd8f38cdcec35da4cfc8bbc26eca097bc7fb1ac10552fea9c274d9e70e7e9
P022,Zahra et al. - 2025 - Noise-Robust and Edge Deployable ML Framework for Predictive Maintenance of Industrial Motors.pdf,Zahra et al. - 2025 - Noise-Robust and Edge Deployable ML Framework for Predictive Maintenance of Industrial Motors.pdf,1725670,2026-09-04T15:38:22+00:00,f14e5a6c4b2f8986013a795779bd72c3e105ccafa0721a460140ea7e328c1ca1
P023,Zhang et al. - 2026 - Motor Fault Prediction Based on Graph Convolutional Networks with Signal Association Mining.pdf,Zhang et al. - 2026 - Motor Fault Prediction Based on Graph Convolutional Networks with Signal Association Mining.pdf,815221,2026-09-04T15:38:22+00:00,d69e2e3e1acc19e644115ccabe8d01732ec78134cb22ea716e5301339e31d599
P024,Zhang et al. - Motor Fault Prediction Based on Graph Convolutional Networks with Signal Association Mining.pdf,Zhang et al. - Motor Fault Prediction Based on Graph Convolutional Networks with Signal Association Mining.pdf,815182,2026-09-04T15:38:22+00:00,e5d49e40717ce8f650eee56104e3a72f12fd3d344a477cb67c47d165f104322e
P025,Zhao y Wang - 2024 - A Deployable Edge Computing Solution for Machine Condition Monitoring.pdf,Zhao y Wang - 2024 - A Deployable Edge Computing Solution for Machine Condition Monitoring.pdf,1907833,2026-09-04T15:38:22+00:00,c9eb1b27eccda1356fca4aea0c1d27da75cb33f832726000a684f6c604358e3a
