paper_id,relevance_class,relevance_label,reading_decision,evaluator,evaluation_date,confidence,topic_match,methodology_match,hardware_or_sensor_match,dataset_match,edge_ai_relevance,machine_learning_method_match,experimental_design_value,state_of_the_art_value,rationale,recommended_sections,notes
P001,1,Relación débil/periférica,REFERENCE_ONLY,Juan Pedro de León Sum / Gemini Notebook,2026-09-11,High,Low,Low,Medium,Low,Medium,Low,Medium,Medium,"Citado en main.pdf para contexto de normas ISO 10816/20816 y monitoreo de vibraciones, pero enfocado en cosechado termoeléctrico y NB-IoT sin modelos avanzados de IA.","Section 4.1, Section 5.5",Referencia de contexto normativo de vibración.
P002,3,Muy relevante/directamente aplicable,READ_FULL,Juan Pedro de León Sum / Gemini Notebook,2026-09-11,High,High,High,High,High,High,High,High,High,"Directamente alineado con OE1/PI-1: despliegue de TinyML (1D-CNN INT8) en microcontroladores ESP32 con acelerómetro MEMS para motores de inducción. Aporta métricas de RAM (120KB), Flash (80KB) y latencia (82ms).",Full paper,Benchmark directo de TinyML en ESP32 para OE1 y PI-1.
P003,1,Relación débil/periférica,REFERENCE_ONLY,Juan Pedro de León Sum / Gemini Notebook,2026-09-11,High,Medium,Low,Medium,Low,Medium,Low,Medium,Medium,"Se enfoca en monitoreo de calidad de energía eléctrica (sags, swells, armónicos) en variadores de frecuencia, distante del análisis de fallas mecánicas por vibración/temperatura.","Section I, Section IV",Útil únicamente como antecedente conceptual de filtrado de datos Edge-Cloud.
P004,2,Relevante,READ_SECTIONS,Juan Pedro de León Sum / Gemini Notebook,2026-09-11,High,High,Medium,Medium,Medium,High,Medium,Medium,Medium,"Citado en main.pdf. Analiza el diagnóstico de motores mediante MCSA y SVM en microcontroladores de bajo costo (Arduino Mega), sirviendo como antecedente de limitaciones en el borde.","Section III, Section IV",Citado en main.pdf. Antecedente relevante de cómputo en el borde.
P005,2,Relevante,READ_SECTIONS,Juan Pedro de León Sum / Gemini Notebook,2026-09-11,High,High,Medium,Medium,Medium,High,Medium,Medium,High,Propone un marco jerárquico de 3 niveles (Edge AI - Fog - Cloud) para vibraciones en maquinaria rotativa. Aporta sustento arquitectónico para la distribución de procesamiento.,"Section II, Section III, Section V",Sustento estructural para la arquitectura distribuida.
P006,1,Relación débil/periférica,REFERENCE_ONLY,Juan Pedro de León Sum / Gemini Notebook,2026-09-11,High,Medium,Low,Low,Low,Low,Low,Low,Medium,Aplica selección de características estadísticas (ReliefF) y SVM en bombas de agua a escala de laboratorio. Distante de enfoques profundos (TCN/GNN) y despliegue en microcontroladores.,"Section I, Section IV",Contraste metodológico de clasificadores clásicos vs deep learning.
P007,2,Relevante,READ_SECTIONS,Juan Pedro de León Sum / Gemini Notebook,2026-09-11,High,High,High,High,High,High,Medium,High,High,Diseño de nodo embebido (STM32 + AD7606 SPI + ESP-01 WiFi) con extracción de características en el borde y 1D-ResNet en la nube. Muy útil para la discusión de división de tareas Edge-Cloud.,"Section II, Section III, Section V",Referencia de arquitectura de hardware de adquisición multisensorial.
P008,1,Relación débil/periférica,REFERENCE_ONLY,Juan Pedro de León Sum / Gemini Notebook,2026-09-11,High,Medium,Low,Low,Low,Medium,Low,Low,Low,"Visión general e introductoria sobre IIoT y modelos de IA (RF, SVM, CNN, LSTM) para PdM. Carece de especificidad técnica o validación experimental detallada.","Section 1, Section 2",Referencia panorámica para la introducción teórica.
P009,1,Relación débil/periférica,REFERENCE_ONLY,Juan Pedro de León Sum / Gemini Notebook,2026-09-11,High,Medium,Low,Low,Low,Low,Low,Medium,Medium,Método de detección de anomalías basado en vectores polares de vibración y SVDD en ventiladores de plantas térmicas. Lejano a TCN/GNN y monitoreo de motores de inducción.,"Section I, Section IV",Antecedente de detección de anomalías unoclass sin aprendizaje profundo.
P010,3,Muy relevante/directamente aplicable,READ_FULL,Juan Pedro de León Sum / Gemini Notebook,2026-09-11,High,High,High,High,High,High,High,High,High,"Coincidencia casi total con OE1 y OE2: datos multimodales (vibración, temperatura, corriente) en motores industriales, modelo híbrido en el borde y evaluación de latencia (<=198ms).",Full paper,Referencia central para la fusión de datos multimodales y métricas de latencia.
P011,2,Relevante,READ_SECTIONS,Juan Pedro de León Sum / Gemini Notebook,2026-09-11,High,High,High,Medium,High,Medium,High,High,High,Desarrolla Transformer con Multi-Head Attention (MHA) para vibraciones y evalúa robustez ante ruido SNR. Fundamenta el uso de mecanismos de atención temporal (TFT) para series temporales.,"Section 3, Section 4.1.3, Section 4.3",Sustento teórico de la atención temporal en la arquitectura TFT del servidor.
P012,3,Muy relevante/directamente aplicable,READ_FULL,Juan Pedro de León Sum / Gemini Notebook,2026-09-11,High,High,High,High,High,Medium,High,High,High,Marco de vanguardia FBG-SEANet para fusión de sensores basada en grafos a nivel de sistema. Imprescindible para el diseño de la GNN y el análisis de sensibilidad multisensorial en OE3.,Full paper,Referencia clave para la formulación de GNN y fusión de señales en grafos.
P013,2,Relevante,READ_SECTIONS,Juan Pedro de León Sum / Gemini Notebook,2026-09-11,High,High,High,Medium,High,Low,High,High,High,Propone FAGPN convirtiendo señales FFT/STFT en estructuras de grafos (RadiusGraph) para motorreductores. Aporta ideas sobre cómo construir la matriz de adyacencia desde espectros.,"Section II, Section III",Antecedente para la conversión de señales espectrales a grafos.
P014,2,Relevante,READ_SECTIONS,Juan Pedro de León Sum / Gemini Notebook,2026-09-11,High,High,Medium,Medium,Medium,High,Medium,Medium,Medium,Mantenimiento predictivo en motores mediante transformadas de Vector de Park (MCSA) y ANN en Raspberry Pi. Relevante para contexto embebido aunque enfocado en corriente.,"Section II, Section V, Section VI",Antecedente de firma de corriente MCSA y vector de Park en hardware embebido.
P015,2,Relevante,READ_SECTIONS,Juan Pedro de León Sum / Gemini Notebook,2026-09-11,High,High,Medium,High,High,High,Medium,High,Medium,Sistema AIoT con MPU6050 + Raspberry Pi 4B para motores de inducción y bancos de pruebas. Benchmark práctico de nodo sensor económico y dashboard web.,"Section 3, Section 4, Section 5",Citado en el contexto de nodos sensores económicos de vibración.
P016,2,Relevante,READ_SECTIONS,Juan Pedro de León Sum / Gemini Notebook,2026-09-11,High,High,High,High,High,High,High,High,High,Utiliza destilación de conocimiento (KD) y espectrogramas STFT en escala de grises para MobileNet en Raspberry Pi. Aporta técnicas de compresión de modelos para el borde.,"Section III, Section IV (Edge Deployment)",Referencia para optimización de modelos CNN y reducción de consumo de memoria.
P017,2,Relevante,READ_SECTIONS,Juan Pedro de León Sum / Gemini Notebook,2026-09-11,High,High,High,High,High,High,High,High,High,Combina CNN multiescala con Mamba (Selective State Space Model) en Jetson Nano. Relevante para la discusión de arquitecturas secuenciales avanzadas y livianas.,"Section III, Section IV.B.5",Referencia de vanguardia (2026) para modelos secuenciales eficientes.
P018,3,Muy relevante/directamente aplicable,READ_FULL,Juan Pedro de León Sum / Gemini Notebook,2026-09-11,High,High,High,High,High,Medium,High,High,High,Citado explícitamente en main.pdf. Integra modelado temporal e interacción por grafos (HT-GP-FusionNet). Sirve como contraste directo entre grafos intra-activo y la propuesta inter-activo.,Full paper,Citado explícitamente en main.pdf. Pieza clave para fundamentar el aporte de la GNN inter-activo.
P019,2,Relevante,READ_SECTIONS,Juan Pedro de León Sum / Gemini Notebook,2026-09-11,High,High,High,High,High,High,High,High,High,"Prueba piloto de 12,000 horas en 5 motores de inducción utilizando Gemelos Digitales, aprendizaje autosupervisado y FedProx en Jetson Orin Nano. Excelente referencia para validación industrial TRL 6-7.","Section IV, Section V, Section VI",Benchmark de validación en planta industrial real y retornos económicos (€32.5k ahorrados).
P020,2,Relevante,READ_SECTIONS,Juan Pedro de León Sum / Gemini Notebook,2026-09-11,High,High,High,Medium,High,Low,High,High,Medium,"Aplica redes de atención sobre grafos (GCPAT) tras convertir señales de vibración de motores en imágenes SDP y superpíxeles SLIC, demostrando robustez en régimen transitorio.","Section I, Section III",Antecedente de construcción de grafos a partir de representaciones visuales SDP.
P021,3,Muy relevante/directamente aplicable,READ_FULL,Juan Pedro de León Sum / Gemini Notebook,2026-09-11,High,High,High,High,High,High,High,High,High,Citado explícitamente en main.pdf. Propone CNN + GCN dinámico (CDGCN) con distancia de Wasserstein-Sinkhorn para señales multimodales. Respaldo directo para OE1 y OE3.,Full paper,Citado explícitamente en main.pdf. Fundamentación para grafos dinámicos multimodales.
P022,3,Muy relevante/directamente aplicable,READ_FULL,Juan Pedro de León Sum / Gemini Notebook,2026-09-11,High,High,High,High,High,High,High,High,High,"Responde directamente a la PI-1: compara TCN vs LSTM/RNN en motores de inducción bajo ruido industrial, aplicando poda y cuantización INT8 para Jetson Nano.",Full paper,Evidencia experimental directa para respaldar la elección de TCN sobre LSTM (PI-1).
P023,3,Muy relevante/directamente aplicable,READ_FULL,Juan Pedro de León Sum / Gemini Notebook,2026-09-11,High,High,High,High,High,Medium,High,High,High,"Citado explícitamente en main.pdf. Combina atención multi-cabeza, GCN y redes secuenciales (LSTM) para predicción de fallas en motores de inducción.",Full paper,Citado explícitamente en main.pdf. Modelo híbrido atención + GCN + LSTM.
P025,3,Muy relevante/directamente aplicable,READ_FULL,Juan Pedro de León Sum / Gemini Notebook,2026-09-11,High,High,High,High,High,High,High,High,High,Referencia de arquitectura de hardware indispensable para OE1: nodo sensor <$30 con MCU dual-core (FreeRTOS) y acelerómetro MEMS muestreando a 20kHz con TinyML.,Full paper,Benchmark directo de diseño de hardware embebido de bajo costo para OE1.
