paper_id,title,authors,year,doi,scopus_id,source,abstract,keywords,filename,document_type,language,notes
P001,Transforming Industrial Maintenance with Thermoelectric Energy Harvesting and NB-IoT: A Case Study in Oil Refinery Applications,"Raúl Aragonés, Joan Oliver and Carles Ferrer",2025,10.3390/s25030703,,local_pdf_corpus,"Heat-intensive industries (e.g., iron and steel, aluminum, cement) and ex- plosive sectors (e.g., oil and gas, chemical, petrochemical) face challenges in achieving Industry 4.0 goals due to the widespread adoption of industrial Internet of Things (IIoT) technologies. Wireless solutions are favored in large facilities to reduce the costs and com- plexities of extensive wiring. However, conventional wireless devices powered by lithium batteries have limitations, including reduced lifespan in high-temperature environments and incompatibility with explosive atmospheres, leading to high maintenance costs. This paper presents a novel approach for energy-intensive and explosive industries, which rep- resent over 40% of the gross production revenue (GPR) in several countries. The proposed solution uses residual heat to power ATEX-certified IIoT devices, eliminating the need for batteries and maintenance. These devices are designed for condition monitoring and predictive maintenance of rotating machinery, which is common in industrial settings. The study demonstrates the successful application of this technology, highlighting its potential to reduce costs and improve safety and efficiency in challenging industrial environments. Keywords: energy harvesting; thermoelectricity; LCA; carbon footprint; LoRaWAN; edge computing; NETZERO; energy-intensive industry",energy harvesting; thermoelectricity; LCA; carbon footprint; LoRaWAN; edge computing; NETZERO; energy-intensive industry,Aragonés et al. - 2025 - Transforming Industrial Maintenance with Thermoelectric Energy Harvesting and NB-IoT A Case Study i.pdf,article,en,
P002,On-Device Low-Frequency Mechanical Fault Detection of Induction Motors using MEMS Sensors and Edge AI,,2026,10.1109/iccece69715.2026.11492961,,local_pdf_corpus,"—This paper presents a TinyML system for end- to-end, on-device vibration-based mechanical fault detection in single-phase induction motors. The sensing node integrates a low-cost MEMS inertial sensor (LSM6DSO) with an ESP32-C3 microcontroller. The proposed firmware implements orientation- invariant preprocessing, contiguous leakage-safe segmentation, and int8 quantized inference of a compact multi-channel 1D Convolutional Neural Network (CNN). Window-level outputs are aggregated using a confidence-weighted majority voting rule to provide robust diagnoses across four states: motorOFF, mo- torON, motorON NoFan, and motorON BadFan. By employing strictly contiguous file splits to prevent temporal data leakage, we report a window-level macro F1-score of 0.98 and a recording- level macro F1-score of 0.95 on held-out, position-specific data. The quantized model requires only 80 KB of Flash and 120 KB of RAM, with an inference latency of 82 ms. This demonstrates the feasibility of deploying sophisticated diagnostic AI on low- power edge devices for real-time industrial condition monitoring of induction motors.",,Banerjee et al. - 2026 - On-Device Low-Frequency Mechanical Fault Detection of Induction Motors using MEMS Sensors and Edge A.pdf,article,en,
P003,Advanced Edge Computing Framework for Grid Power Quality Monitoring of Industrial Motor Drive Applications,,2022,10.1109/speedam53979.2022.9841966,,local_pdf_corpus,"—In large-scale industrial machine applications (IMAs) during condition monitoring, all sensor devices can produce raw data up to 15TB of data/week. Transmitting these large high-frequency data sets to the cloud to closely monitor the operational environment and make decisions is not feasible for two reasons : (a) bandwidth and latency issues and (b) higher cost of data transfer and storage. Condition monitoring applications usually extract critical features from raw high frequency sensor signals and discard raw data to mitigate this issue. The computation is carried out on an edge device near to the application hardware and the role of the cloud/remote server is limited to receiving fault types, features, and monitoring. Therefore, this paper proposes an intelligent data capturing methodology with an edge-cloud framework for grid power quality monitoring of the IMAs that only triggers and transmits datasets to the cloud if the raw datasets contain any grid events and/or grid side anomalies. Using dSPACE, grid emulation is carried out virtually. Feature extraction using Short Term Fourier Transform (STFT) is done in the edge device and grid events are detected based on features. The proposed methodology is conﬁgured to send raw grid voltage data and features in the Microsoft Azure-based cloud that contain at least one abnormal grid event. Thus, the proposed approach of this paper limits the space requirement in the cloud by 95%, saves data transmission costs, and enables the cloud to run predictive maintenance algorithms.",,Bhoi et al. - 2022 - Advanced Edge Computing Framework for Grid Power Quality Monitoring of Industrial Motor Drive Applic.pdf,article,en,
P004,Predictive Maintenance in Electrical Machines: An Edge Computing Approach,,2022,10.1109/icps51978.2022.9816921,,local_pdf_corpus,"—Predictive maintenance is one of the premises of the Industry 4.0. A condition monitoring and fault diagnostic never seen before are possible with the new technologies embracing the digitalisation. This paper presents an edge computing approach for the predictive maintenance of electrical machines based on motor current signature analysis (MCSA), using Fast Fourier Transform (FFT) and a Support Vector Machine (SVM) classifier. A broken rotor bars and eccentricity fault detection are implemented on Arduino platform, providing a low-cost solution affordable for small and medium enterprises. The system has been tested in a lathe in one of the laboratories of the Mining and Industrial School of Almaden (UCLM) with satisfactory results. Keywords—Condition Monitoring, Predictive Maintenance, Fault Diagnosis, induction motors, edge computing I. INTRODUCTION Being immersed in the fourth industrial revolution, Digitalisation, the use of new technologies and lines of research are emerging: Internet of Things, Big Data, everything Smart, Cloud Computing... all of them with the intention of digitalising information. The origin of this digitalisation lies in Industry 4.0 (Industrie 4.0) [1], German Federal Government project to promote digitalization in manufacturing or networked, digitized production [2], where machines and products are seen as intelligent, networked components, which can exchange data locally, globally and across company borders. The Fourth Industrial Revolution, or Industry 4.0, uses digital technologies (IoT, AI, sensors) to blend the physical and virtual [3]. The Industry 4.0 approach aims to [4]: • Efficiently control distributed control systems through a partnership of autonomous units. • Blending the physical world with the virtual world; where each physical element (sensors, products, raw materials, handling and transport machinery, operators) is represented by virtual units. This requires connectivity between each virtual element with the rest of the virtual and physical elements, as well as a control implementation from the virtual to the physical world. • Decision-making, optimization and efficiency (cost- effectiveness, high performance and energy efficiency). • Creation of new business models and service-based approaches to value creation. The way to implement Industry 4.0, or the digitalization revolution, is through Cyber-Physical Systems (CPS), or as they are known in their more industrial version: Industrial Cyber-Physical Systems (ICPS) [5] or Cyber-Physical Production Systems (CPPS) [6], combined with the widespread use of the Internet of Things, (IoT) [7]. ICPS provide the necessary digital representation, smart service development and interoperability interfaces required to support the operation of flexible, network-based manufacturing environments, where embedded smart devices work together, via the IoT, and centralised control is transferred to a distributed smart network [8]. This digitalisation is having a major impact in other areas such as smart cities/buildings, smart energy systems, pollution monitoring, health tracking or intelligent transport systems. However, unfortunately, its adoption by industry has yet to be fully realised. This paper focuses on one of the premises of Industry 4.0: predictive maintenance, and more specifically on predictive maintenance in electrical machines. According to the International Energy Agency report [9], around 50% of all energy generated in developed countries is consumed by electric induction motors. So, the interest in fault prediction and detection on these machines has increased significantly [10-12]. This paper presents an ICPS solution for the predictive maintenance of an electrical machine, aiming to reduce maintenance costs and equipment downtime by detecting equipment faults. The remaining paper is organized as follows: Section II presents the commonly used techniques to perform a predictive maintenance in inductive electric motors. Sections III presents the parts of the ICPS system performing the predictive maintenance, paying special attention to provide an edge computing solution, i.e. a solution capable of computing data locally. Section IV shows the experimental results carried out to test the proposal. Finally, Section VI rounds up the paper with the conclusions and points out some future work. II. STATE OF THE ART The three-phase induction motor with squirrel cage rotor has become widespread in industry. Its use, as with all other types of motors, is exposed to various hostile environments, incorrect applications, and manufacturing defects. Internal defects such as short circuits, earth faults, broken rods or bearing failures are unavoidable. The same applies to defects caused by external agents or effects. In addition, operation in aggressive environments can accelerate ageing and make it more susceptible to the appearance of new faults, and the gradual deterioration caused by ageing itself will result in the potential f",,De las Morenas y Moya-Fernández - 2022 - Predictive Maintenance in Electrical Machines An Edge Computing Approach.pdf,article,en,
P005,A New Framework Based on FOG Computing and Edge AI to Increase the Reliability of Predictive Maintenance of Rotating Machines,,2025,10.1109/iccsc66714.2025.11134853,,local_pdf_corpus,"—In today’s industrial world, it is essential to ensure efficient and safe operation of machines to ensure productivity and reduce costs. Vibration analysis is one of the most effective tools used for this purpose. Vibration analysis is used to monitor the condition of rotating machines, detect potential problems early and avoid costly breakdowns. In this article, we will explore how the integration of vibration analysis with fog computing and edge artificial intelligence (Edge AI) can create a powerful system for real-time machine monitoring and predictive maintenance. Keywords—predictive maintenance, FOG computing, Edge AI, rotating machine I.",,Ech-Chadi et al. - 2025 - A New Framework Based on FOG Computing and Edge AI to Increase the Reliability of Predictive Mainten.pdf,article,en,
P006,Feature Reduction of SVM-Based Classifier For Predictive Maintenance OF Rotating Machines,,2025,10.1109/niles68063.2025.11232435,,local_pdf_corpus,"—This study proposes a predictive maintenance approach aimed at diagnosing motor faults, particularly bearing failures, at an early stage to avoid costly unplanned machine downtime. The proposed method leverages vibration analysis and a Support Vector Machine (SVM) classifier to identify fault types based on frequency-domain features. A key contribution is the optimization of both model accuracy and computational efficiency through dimensionality reduction. The ReliefF feature selection algorithm was applied to identify the most significant statistical features which reduced the number of features from 11 to 7 while maintaining a classification accuracy of 93.3%. As a result, the reduced model exhibits a 20.8% improvement in prediction speed, which makes it better suited for edge-computing deployment. Keywords— Industry 4.0, Fault Diagnosis, Predictive maintenance, Vibration Analysis, Machine Learning, DSP. I. INTRODUCTION Bearings-problems are very common cause for machines- failure [1]. They resemble about 40% of the major problems that face induction machines [2]. This has been the main drive for selecting the bearings as the major problem to be predicted. To achieve this predictive diagnosis approach, the root causes of bearings failure should be captured. The root causes will be diagnosed and captured through vibration analysis and machine-learning deployment. Furthermore, the machine learning model will be optimized through a feature- dimensionality reduction technique to fasten the speed of the prediction as an early stage for developing edge-computing capabilities for the system. This paper does not only aim to achieve a great accuracy in the fault diagnosis while considering a single axis but also to study the significance of the most common used statistical features in this field in industry 4.0 to filter out those with the least importance. This is expected to enhance the generalization of the machine- learning model and increase its speed of prediction. The studied vibrational dataset is obtained from [3]. This vibrational dataset consists of 5 lab-scale water pumps with different physical conditions. One motor is running at completely normal conditions. The second and the third motors encounter different magnitudes of unbalances; 6 gm.cm and 27 gm.cm respectively. The fourth motor deliberately experienced a misalignment offset of 3mm from the center. The fifth motor’s bearings are damaged (inner and outer raceway faults). The signal-processing techniques and feature-extraction methods applied to the raw data in this study are consistent with state-of-the-art approaches reported in the literature. II. LITERATURE REVIEW Numerous studies have been conducted in this field, highlighting multiple possible routes toward achieving a robust solution, ranging from the type of data collected to the choice of signal-processing techniques and the application of suitable machine learning models. Starting with the data- collection technique, some papers install acoustic sensors (e.g. Microphones) to collect sound data of the operating machine [4]. This approach depends on the variation of the sound data when there is an abnormality in the machine. Other approaches that rely upon accelerometers for anomaly detection, had also been introduced. Accelerometers give insights of the vibrations of the rotating parts of the machine in order to detect any abnormality within its activity. To make it clear, depending on the power and magnitude of the vibrations, the activity is classified as normal or abnormal. This approach is used by [5] and [6]. A third approach has also been studied in the past couple of years. This approach focused on the electrical signal analysis in detecting the abnormality of the machine. As stated by [2], this method depends on installing current and voltage sensors to analyze the electrical signals coming out of the machines. When it comes to the signal processing steps, there are three different signal-processing techniques that could be done; Time- domain analysis, frequency-domain analysis and time- frequency analysis which is also known as wavelet transform. [4].Numerous papers had previously compared between analyzing the raw data through these three domains. Wavelet transforms are used in a recognizable amounts of papers such as [1] which used a type of wavelet transform called daubechies transform, yet declared that the frequency- domain analysis is the most common used technique in detecting bearings-failure. Another type of wavelet transformed had been utilized by [7] called DWT for detecting shaft misalignment under variable loading conditions. On the other hand, several papers applied Fast- Fourier transform as a signal-processing technique, proofing that it is the most common technique and proofing its great accuracy of detecting different patterns of data. [6] Used FFT for rotating-shafts unbalance detection. Moreover FFT is used by the paper whose dataset was used [3] and used a",,ElSayed - 2025 - Feature Reduction of SVM-Based Classifier For Predictive Maintenance OF Rotating Machines.pdf,article,en,
P007,Cloud&#x2013;Edge Collaborative Intelligent Fault Diagnosis of Rotor-Bearing System: Methodology and Experiment,,2024,10.1109/jsen.2024.3513644,,local_pdf_corpus,"—The condition monitoring and fault diagnosis of rotor-bearing systems are crucial for rotating machinery. The traditional methods rely on either a single edge computing of limited data processing capabilities or a single cloud computing of large data transmission volumes. In this article, a novel monitoring and diagnosis framework for rotor-bearing systems is proposed by combining cloud and edge comput- ing. First, a cloud–edge collaborative diagnosis architecture is designed, where data acquisition, signal processing, and feature extraction are assigned to the edge end, and a deep learning-based diagnosis task is assigned to the cloud end. The edge ends collect acceleration and displacement signals in real time through piezoelectric and eddy current sensors and uses empirical mode decomposition (EMD) and time–frequency feature extraction to realize preliminary fea- ture expression of the obtained signals. Second, the feature data are sent to the cloud end from the edge end, where an improved 1-D residual network (1D-ResNet) is used to clas- sify the feature data and realize data-driven fault diagnosis. To verify the effectiveness of the methodology, a cloud–edge collaborative fault diagnosis system is developed, including a rotor-bearing unit simulation platform, an edge-end condition monitoring device, and a cloud-end diagnosis and visualization platform. The results show that the cloud–edge collaborative fault diagnosis method and system excel in terms of accuracy and real-time performance, where the accuracy reaches 99.9% at 1400 r/min and the consuming time is about 1.4 s.",,Fan et al. - 2025 - Cloud–Edge Collaborative Intelligent Fault Diagnosis of Rotor-Bearing System Methodology and Experi.pdf,article,en,
P008,Enhance Predictive Maintenance with AI Models: Utilizing Real-Time Sensor Data with Industrial IoT to Prevent Equipment Failure,,2025,10.1109/icaiccit68829.2025.11434315,,local_pdf_corpus,"— Maintenance Practices in the Industry are Changing As predictive maintenance (PdM) is transforming how industries operate, managing and replacing parts after they broke or on a fixed calendar schedule to intervention only as needed based on the data that the part will fail before it does. Traditional maintenance plays critical roles in industrial systems, maintaining the equilibrium of either too- much downtime or over-servicing that derive performance- robbing inefficiencies with specific consequences including safety hazards and costs. The growing world of Industrial Internet of Things (IIoT) and Artificial Intelligence (AI) has opened up new ways to take advantage of real time sensor data, and how we can leverage this data for deeper insights into the health and prognosis of a machine. This study presents a holistic framework that incorporates AI models into IIoT based real-time monitoring systems to improve the predictive maintenance to reduce equipment downtime. The system operates through a network of sensors placed in the machinery on an industrial scale, which collect the data constantly from the parameters – such as vibration, temperature, pressure, acoustic signals and current flow. Various machine learning (ML) and deep learning (DL) models like Random Forests, SVMs, CNNs, LSTM are fed with these data streams to model the data. The same each algorithm is used to help prevent anomalies ahead of time, predict failure patterns and predict RUL. The network layers of edge/fog computing stream the data into the system with real-time data ingestion for instant analysis and decision making. One of its key characteristics is that it is compatible with various types of machines and industrial contexts. It automatically enables the system for use with specific equipment—rotating machinery, HVAC systems or conveyor motors—an example of a data preprocessing approach combined with feature selection that allows for retraining the model. On the plus side, including unsupervised learning methods also means we can identify new/unseen failure modes and further improve our maintenance system's robustness. We experimentally validated our method on public benchmark datasets and real-world industrial testbeds. That study shows that predictive maintenance using AI tools is 35% more effective in reducing the duration of unexpected stops and increases the accuracy of scheduling time for service by 40%, compared to traditional methods. This work presents a promising approach to develop smart maintenance and asset management using real-time sensor data coupled with cutting-edge AI analytics. Keywords —Equipment Failure Prediction, Real-Time Monitoring, Machine Learning, Edge Computing, Remaining Useful Life (RUL).",,G et al. - 2025 - Enhance Predictive Maintenance with AI Models Utilizing Real-Time Sensor Data with Industrial IoT t.pdf,article,en,
P009,An Intelligent Anomaly Detection Method for Rotating Machinery Based on Vibration Vectors,,2022,10.1109/jsen.2022.3179740,,local_pdf_corpus,"—Anomaly detection is a common technology for condition monitoring that is important for safe and reliable production in industry. In this work, we proposed an anomaly detection method for rotating machinery based on vibration vectors, which was inspired by Polar plot in vibration analysis. The vibration vector, consisting of amplitude and phase, was selected as monitored indicator at different characteristic frequencies (CFs). The original vibration vectors obtained by fast Fourier transform-based order analysis (FFT-OA) were mapped from Polar to Cartesian plot for simpliﬁed calculation and better visualization. The acceptance region deﬁned to distinguish anomalies from normal conditions was learned by support vector data description (SVDD) model with normal vibration samples. We proposed the anomaly score to indicate the degree of deviation from normal condition, and the ﬁt degree to reduce underﬁtting of data description model. Two datasets, obtained from a real steam turbine and a real steam feed pump respectively, were used to validate the method under constant and variable speed operation conditions. Compared to the amplitude-based methods, the proposed method exhibited an extremely strong ability to detect anomalies in advance. Moreover, SVDD performed better than the minimum covariance determinant (MCD) and isolated forest (iForest) methods in terms of describing the acceptance region in the present work. With low time- consuming calculation, the acceptance region can be self-evolving easily and has a prospect to the edge computing for machine condition monitoring.",,Hu et al. - 2022 - An Intelligent Anomaly Detection Method for Rotating Machinery Based on Vibration Vectors.pdf,article,en,
P010,Edge-Ai Enabled Fault Detection And Root Cause Analysis In Industrial Motors Using Multimodal Sensor Data,"Jayashree Kulkarni 1 , Ramesh Kagalkar 2 and Nandini Sidnal 3",2026,10.5121/ijcnc.2026.18305,,local_pdf_corpus,"This article presents an Edge-AI enabled hybrid deep learning framework for real-time fault detection and root cause analysis in industrial motors using multimodal sensor data, containing vibration, temperature, and current signals. The proposed system leverages a CNN-LSTM model deployed on edge devices to accurately classify operational states into normal, minor, and major faults. A dataset comprising 15,000 labeled samples collected from real-world industrial setups and augmented through techniques such as SMOTE and time-warping was used for training and evaluation. In the implementation,the CNN component captures spatial patterns in sensor data, while the LSTM layer models temporal dependencies, enabling effective fault diagnosis. The proposed hybrid model achieved superior performance with 96.8% accuracy, 97.2% precision, 96.5% recall, and an F1-score of 96.8%, along with a low inference latency of ≤198 ms, demonstrating suitability for real-time edge deployment. Comparative analysis against CNN-only and LSTM-only models confirms the hybrid architecture’s advantage in fault sensitivity and prediction reliability. Additional insights from confusion matrix analysis, ROC-AUC evaluation, and fault-wise performance metrics validate the model’s robustness. The system also incorporates TinyML-based optimizations and lightweight messaging for efficient edge computing, making it a scalable solution for predictive maintenance in Industry 4.0 applications. KEYWORDS Edge-AI, CNN-LSTM, Predictive Maintenance, Industrial Motors, Fault Detection, Multimodal Sensors",,Kulkarni et al. - 2026 - EDGE-AI ENABLED FAULT DETECTION AND ROOT CAUSE ANALYSIS IN INDUSTRIAL MOTORS USING MULTIMODAL SENSOR.pdf,article,en,
P011,Transformer with multi-head attention mechanism for bearing fault detection,Prashant Kumar,2026,10.1016/j.asoc.2026.114980,,local_pdf_corpus,"Timely fault detection of bearings is vital to ensure the uninterrupted functioning of rotating machinery in in­ dustry. Research on fault detection strategy for bearings has accelerated due to developments in artificial in­ telligence and computation, although managing large amounts of intricate sensor data remains complex. The traditional approaches rely on handcrafted features and shallow learning models, which in high-dimensional sensor data, may struggle to capture complex fault patterns. Using the transformer model with a multi-head attention mechanism, this work designs an innovative bearing fault detection method. Transformer architec­ ture, renowned for its efficacy in natural language processing applications, is tailored to handle sequential sensor input efficiently, without requiring identifiable features. The multi-head attention mechanism enables the model to capture both local and global dependencies that are essential for fault recognition, which aids in the model’s focus on various input sequence segments. The model was evaluated on a two real-world benchmark bearing dataset namely, Case Western Reserve University (CWRU) bearing dataset and Society for Machinery Failure Prevention Technology (MFPT) bearing dataset and compared with the deep learning baselines. This work also eliminated the need for extensive data processing and achieved superior fault detection accuracy. The results reveal the efficacy of the transformer model with multi-head attention in accurately detecting bearing faults, showcasing its potential for real-time condition monitoring in industrial scenarios. These findings demonstrate transformers’ contribution to predictive maintenance advancement, guiding the industry toward scalable, real- time monitoring that reduces downtime and increases sustainability. The future work could integrate the edge computing for on-device use and adapt to multi-fault scenarios.","Bearing fault Transformer Multi-head attention Vibration A B S T R A C T Timely fault detection of bearings is vital to ensure the uninterrupted functioning of rotating machinery in in­ dustry. Research on fault detection strategy for bearings has accelerated due to developments in artificial in­ telligence and computation, although managing large amounts of intricate sensor data remains complex. The traditional approaches rely on handcrafted features and shallow learning models, which in high-dimensional sensor data, may struggle to capture complex fault patterns. Using the transformer model with a multi-head attention mechanism, this work designs an innovative bearing fault detection method. Transformer architec­ ture, renowned for its efficacy in natural language processing applications, is tailored to handle sequential sensor input efficiently, without requiring identifiable features. The multi-head attention mechanism enables the model to capture both local and global dependencies that are essential for fault recognition, which aids in the model’s focus on various input sequence segments. The model was evaluated on a two real-world benchmark bearing dataset namely, Case Western Reserve University (CWRU) bearing dataset and Society for Machinery Failure Prevention Technology (MFPT) bearing dataset and compared with the deep learning baselines. This work also eliminated the need for extensive data processing and achieved superior fault detection accuracy. The results revea",Kumar et al. - 2026 - Transformer with multi-head attention mechanism for bearing fault detection.pdf,article,en,
P012,Frequency-band graph-based sensor fusion with sensitivity-aware energy assist network for machinery system fault diagnosis,Sang Kyung Lee,2026,10.1016/j.engappai.2026.115273,,local_pdf_corpus,"Graph-based fault diagnosis methods have shown capabilities in multi-sensor data fusion by representing the hidden relationships between sensors. However, their effective application in complex machinery systems re­ mains challenging. First, constructing a graph that fully captures system-level fault characteristics is difficult, as fault-related features in signals are often subtle and widely distributed across multiple frequency bands. Second, learning accurate and efficient graph representations during model training is hindered by the fact that sensor signals exhibit varying sensitivities to different fault modes, and each fault mode presents distinct frequency- domain behaviors, such as energy shifts or unique fault frequencies. To overcome these challenges, this article proposes frequency-band graph-based sensor fusion with sensitivity-aware energy assist network (FBG-SEANet), a newly developed graph-based sensor fusion framework. The frequency-band graph (FBG) is a novel graph construction strategy that decomposes sensor signals into multiple frequency bands, builds a subgraph for each band, and connects them to form the final graph, thereby preserving subtle fault features distinctive to each band. Using the FBG as input, the sensitivity-aware energy assist network (SEANet) is designed with a sensitivity- aware readout (SR) layer to capture signal sensitivity to each fault. In addition, an energy assist (EA) module is employed to learn fault features associated with energy shifts in the signals. Validation is carried out using one open rotating machinery dataset, one motor experimental dataset, and one urban air mobility (UAM) system experimental dataset. The results show that FBG-SEANet improves multi-sensor data fusion and outperforms conventional sensor fusion models with enhanced explainability.","System fault diagnosis Graph representation Graph neural networks Sensor fusion A B S T R A C T Graph-based fault diagnosis methods have shown capabilities in multi-sensor data fusion by representing the hidden relationships between sensors. However, their effective application in complex machinery systems re­ mains challenging. First, constructing a graph that fully captures system-level fault characteristics is difficult, as fault-related features in signals are often subtle and widely distributed across multiple frequency bands. Second, learning accurate and efficient graph representations during model training is hindered by the fact that sensor signals exhibit varying sensitivities to different fault modes, and each fault mode presents distinct frequency- domain behaviors, such as energy shifts or unique fault frequencies. To overcome these challenges, this article proposes frequency-band graph-based sensor fusion with sensitivity-aware energy assist network (FBG-SEANet), a newly developed graph-based sensor fusion framework. The frequency-band graph (FBG) is a novel graph construction strategy that decomposes sensor signals into multiple frequency bands, builds a subgraph for each band, and connects them to form the final graph, thereby preserving subtle fault features distinctive to each band. Using the FBG as input, the sensitivity-aware energy assist network (SEANet) is designed with a sensitivity- aware readout (SR) layer to capture signal sensitivity to each fault.",Lee et al. - 2026 - Frequency-band graph-based sensor fusion with sensitivity-aware energy assist network for machinery.pdf,article,en,
P013,Gear Fault Diagnosis in Geared Motors Based on Frequency Adaptation Graph Prototype Network with Limited Data,,2024,10.1109/tia.20,,local_pdf_corpus,"-Detecting and classifying gear faults with limited labeled data is essential for effective fault diagnosis in electromechanical systems. This paper presents a novel Frequency Adaptation Graph Prototype Network (FAGPN) for classifying various gear faults in geared motors. FAGPN employs customized low-pass and high-pass filters, integrated with an attention mechanism, to enhance multi- scale feature fusion from vibration signals processed through various frequency-time methods. Additionally, FAGPN projects embeddings onto hyperspherical space with a consistency constraint to improve accuracy. Experimental results on real-world datasets involving multiple gear sets in different states demonstrate the superior performance of FAGPN. Remarkably, with a training ratio of 1%, FAGPN achieves over 99% accuracy. Keywords—fault diagnosis, geared induction motor, graph neural network, limited data sample. I. INTRODUCTION Efficient condition monitoring and diagnosis of electric drives are essential for maintaining industrial electromechanical systems [1-4]. Existing predictive and diagnostic methods often require extensive prior experience and data to identify emerging issues, such as gear faults like tooth damage and wear , and various bearing faults (as shown in Fig. 1), in order to obtain a comprehensive analysis [5]. This necessity arises because data collected at different times is non-repeatable, and characteristic values representing machine conditions can vary within a certain range for the same model [6-8]. However, in real-world industrial settings, diagnosing faults is challenging due to datasets collected by sensors often being incomplete, imbalanced in fault classifications, and containing numerous unlabeled, noisy, or anomalous data. Therefore, it is crucial to develop methods that can accurately and promptly detect and prevent potential catastrophic failures, even with limited fault samples, to save both time and financial resources. This work was mainly supported by the funding support to State Key Laboratories in Hong Kong from the Innovation and Technology Commission (ITC) of the Hong Kong Government. Authors would also like to express their sincere thanks to the financial support from the Research and Innovation Office (Project code: P0046009 and BBX2) of The Hong Kong Polytechnic University (PolyU). This work was also supported in part by Start-up Fund for RAPs under the Strategic Hiring Scheme (P0043917) from PolyU and Research Committee of PolyU (Project code: RMCJ). (*Corresponding author: Dr. Zaixin Song; Email: zaixin.song@polyu.edu.hk) Fig.1. Examples of gear and bearing faults [5]. The most widely measured and studied fault detection indicator is unwanted mechanical vibration, typically caused by reciprocating forces, looseness, or resonance [9]. By manually or adaptively extracting and analyzing features from the time, frequency, and time-frequency domains, representative and distinguishable fault characteristics can be identified in data-driven diagnostic techniques for rolling electric drives. For example, phase demodulation in time-domain analysis, time-domain synchronous averaging using key phase signals for periodic truncation, power spectrum analysis in frequency-domain methods, high-resolution refined spectrum analysis, and cepstrum analysis for periodic components in the frequency domain [10-12]. Although these methods are effective, they heavily depend on expert knowledge for feature extraction and interpretation. To address the labor-intensive nature of traditional feature extraction methods, deep learning techniques have been extensively studied using vibration root mean square values, shape factor, crest factor, kurtosis factor, and other features. For instance, integrating a self-attention mechanism with convolutional neural networks (CNNs) [13], and incorporating graph neural networks (GNNs) to effectively manage data interdependencies for multi-scale feature fusion [14-16]. Nevertheless, these approaches generally require large datasets for optimal performance, which is challenging due to the scarcity of fault data relative to normal data in practice. To address the challenge of small-sample fault classification for bearings and gearboxes, it is essential to develop effective methods. These methods could include improving the representativeness of features learned from limited data or employing transfer learning techniques [17-18]. In response to this challenge, we have developed a GNN designed to capture data interdependencies and dynamically aggregate multi-scale fault information from Gear Fault Diagnosis in Geared Motors based on Frequency Adaptation Graph Prototype Network with Limited Data Yidan Ma1,2, Zaixin Song1*, Yongtao Liang1 and Jianfu Cao2 1 State Key Lab of Ultra-precision Machining Technology, Department of Industrial and Systems Engineering, The Hong Kong Polytechnic University, Hong Kong, China 2 School of Automation Science and Engineering, Xi'an Jiaotong Un",,Ma et al. - 2024 - Gear Fault Diagnosis in Geared Motors Based on Frequency Adaptation Graph Prototype Network with Lim.pdf,article,en,
P014,Employment of ANN for Predictive Motor Maintenance and Bearing Fault Detection Using Park&#x2019;s Vector Analysis,,2022,10.1109/roma55875.2022.9915683,,local_pdf_corpus,"— Predictive maintenance is an emerging concept that is gaining mainstream popularity in industrial automation. It involves continuous monitoring of the machinery's health, status and performance in real-time. Hence, it allows the industry to schedule maintenance only when specific conditions are met and before the machinery breaks down. Critical machinery such as three-phase induction motors is being used widely in industrial processes. However, they are subjected to many electrical and mechanical stresses due to their long operating times. Bearing faults account for the highest faults in the induction motor. If the faults go unnoticed, they can result in motor failure, which generates economic losses. Thus, the tracking of motor health becomes ineluctable. One of the most effective ways to understand health and efficiency is through motor current signature analysis (MCSA). The proposed model employed MCSA by plotting Park's vector analysis graph to predict motor health. This graph would then be fed as the input to an artificial neural network (ANN) for automated classification of the healthy or unhealthy motor. The trained model has managed to acquire an accuracy >99% in the test set, thus triumphing over other predictive maintenance methods. It is designed so that the proposed model's computational complexity is low enough to run on edge computing devices to implement an efficient industrial automation system. Keywords— motor current signature analysis, park's vector analysis, artificial neural networks, predictive maintenance, industrial automation I. INTRODUCTION Induction motors (IMs) are typically used as prime movers in many industries due to their features such as low cost, ease of maintenance, high reliability, and versatility [1, 2]. However, they are highly susceptible to wear and tear and confront a plethora of unexpected failures under environmental stresses [3]. Studies show that approximately 40% to 90% of IMs failures are associated with bearing faults depending on the size of machines [3, 4]. Since bearings play a significant role in the operation of IMs, if the faults go unnoticed, they may cause catastrophic damage to the machine. Therefore, industries often undergo scheduled maintenance where the health of all these motors or bearings is checked and replaced if necessary. Instantaneous monitoring and prediction of IMs health have recently gained extensive attention among researchers. This is because early prediction will enable timely maintenance and avoid serious accidents, which may lead to economic losses and risk to the operator [2]. Numerous diagnostic methods based on diverse physical magnitudes such as vibration, temperature, current, and magnetic flux have been employed to identify the fault in the IMs [2]. Among others, motor current signature analysis (MCSA) is preferable for analyzing motor health, especially when it is in highly inaccessible or remote areas, as is common with industrial IMs. Since MCSA uses the embedded current signal of the motor's control unit, it does not require additional sensors, which results in a lower cost and complex system. The current signal can be used to remotely monitor a large number of motors from a single location. Many studies have verified the reliability of using MCSA in IMs to detect breakage in rotor bar, end ring and bearing faults [1, 5]. Park's vector approach is one of the main techniques that can be utilized for fault detection with MCSA [6-8]. This method transforms the IMs three-phase stator current into two individual orthogonal phases, and it finds the bearing fault based on the spatial variation of the Park's vector current locus. A perfect circle of Park describes healthy IMs while faults are represented with distortion on the circle. Recognizing motor current fault signatures necessitates a high level of expertise and experience from the user. Hence, artificial intelligence (AI) has been introduced to MCSA for making detection more user-friendly besides providing automatic diagnosis and analysis of the faults in IMs. The application of artificial neural networks (ANN) is particularly suitable for performing pattern classification due to their high learning and generalization abilities [7]. Somehow, the studies related to ANN for faults detection are still limited IEEE 5th International Symposium in Robotics and Manufacturing Automation, 6-8 August 2022, Malacca 978-1-6654-5932-7/22/$31.00 ©2022 IEEE 2022 IEEE 5th International Symposium in Robotics and Manufacturing Automation (ROMA) | 978-1-6654-5932-7/22/$31.00 ©2022 IEEE | DOI: 10.1109/ROMA55875.2022.9915683 Authorized licensed use limited to: FUNDACAO UNIVERSIDADE DO RIO GRANDE. Downloaded on June 26,2026 at 15:59:51 UTC from IEEE Xplore. Restrictions apply. ===== PAGE 2 ===== and usually known to be heavily computation-intensive [9- 12]. The present study proposed an automated system through ANN using Park's vector analysis for bearing faults detection. This method fed",,Mahesh et al. - 2022 - Employment of ANN for Predictive Motor Maintenance and Bearing Fault Detection Using Park’s Vector A.pdf,article,en,
P015,Artificial intelligence of things based approach for anomaly detection in rotating machines,Tauheed Mian,2023,10.1016/j.compeleceng.2023.108760,,local_pdf_corpus,"In the present era of Industry 4.0, Artificial Intelligence (AI) and Internet of Things (IoT) are revitalizing the predictive maintenance systems for industrial rotating machines through real- time approaches. In this work, an Artificial Intelligence of Things (AIoT) based framework is developed and implemented for anomaly detection in rotating machines through vibration monitoring. Signals are captured using a low-cost MPU6050 accelerometer with Raspberry Pi 4B as an edge device. The edge-centric mechanism is based on Support Vector Machine (SVM) for effective implementation on the edge device. A dedicated web-based platform is designed to communicate with the edge device for real-time decisions. The developed framework is validated on three rotating machines, including gear test rig, bearing test rig, and induction motor. The results demonstrate the robustness of the proposed method for anomaly detection on different machines. Also, the developed framework has the capability to remotely monitor and control the machines in real-time.","Internet of things Fault detection Edge computing Remote monitoring Machine learning A B S T R A C T In the present era of Industry 4.0, Artificial Intelligence (AI) and Internet of Things (IoT) are revitalizing the predictive maintenance systems for industrial rotating machines through real- time approaches. In this work, an Artificial Intelligence of Things (AIoT) based framework is developed and implemented for anomaly detection in rotating machines through vibration monitoring. Signals are captured using a low-cost MPU6050 accelerometer with Raspberry Pi 4B as an edge device. The edge-centric mechanism is based on Support Vector Machine (SVM) for effective implementation on the edge device. A dedicated web-based platform is designed to communicate with the edge device for real-time decisions. The developed framework is validated on three rotating machines, including gear test rig, bearing test rig, and induction motor. The results demonstrate the robustness of the proposed method for anomaly detection on different machines. Also, the developed framework has the capability to remotely monitor and control the machines in real-time.",Mian et al. - 2023 - Artificial intelligence of things based approach for anomaly detection in rotating machines.pdf,article,en,
P016,Efficient Bearing Fault Diagnosis for Edge Computing Using Grayscale Spectrograms and,,2025,10.1109/access.2025.3600678,,local_pdf_corpus,"Bearing elements play important roles in mechanical machining. Efficient monitoring and detection of bearing faults are critical for ensuring motor reliability. Deep learning techniques, particularly those that use convolutional neural networks, have emerged as prominent solutions for achieving high accuracy in bearing fault classification. However, the computational complexities of these models render them unsuitable for use in resource-constrained devices. In this study, we explored the application of a combination of multiple techniques, including knowledge distillation, layer fusion, and quantization-aware training, to develop lightweight models that accelerate inference speed while maintaining high accuracy. In addition, acoustic emission signals containing bearing health information were preprocessed using a short-time Fourier transform and converted into grayscale spectrograms before being fed into a neural network. The experimental results indicate that the proposed method can significantly reduce the inference latency and memory footprint while achieving high accuracy for different bearing fault types at variable rotational speeds.",,Nguyen y Kim - 2025 - Efficient Bearing Fault Diagnosis for Edge Computing Using Grayscale Spectrograms and Hybrid Neural.pdf,article,en,
P017,A Lightweight Heterogeneous Neural Network Architecture for Multiscale Feature Extraction in Bearing Fault Diagnosis,,2026,10.1109/access.2026.3694523,,local_pdf_corpus,"Bearings are critical components in rotating machinery, and efficient fault detection is essential for maintaining motor reliability and operational integrity. This study proposes a novel neural network architecture for efficient bearing fault diagnosis that simultaneously captures local and global feature repre- sentations from log-Mel spectrograms derived from wideband acoustic emission signals. The framework combines a multiscale convolutional neural network with a Mamba-based selective state space model to improve the discrimination of complex fault patterns while preserving low computational complexity. To support context-aware learning, an adaptive feature fusion strategy is adopted to dynamically integrate features from preceding layers. The proposed framework is further implemented on an embedded platform to evaluate its suitability for edge computing. Experimental results demonstrate that the method achieves superior accuracy and efficiency across multiple fault types and rotational speeds, outperforming existing classification approaches. These results support the development of fully automated bearing condition monitoring systems and underscore the potential of in-sensor computing.",,Nguyen y Kim - 2026 - A Lightweight Heterogeneous Neural Network Architecture for Multiscale Feature Extraction in Bearing.pdf,article,en,
P018,"Network for Predictive Fault Diagnosis in Robotic Arms Balaji Periasamy1*, Dr.P. Rajalakshmy Venugopal2, and R. Madhanraj3",JOWUA,2026,10.58346/jowua.2026.i1.034,,local_pdf_corpus,"The success and the importance of industrial robotic arms in contemporary automation rely on their accuracy, velocity, and capability of functioning under varied conditions, but mechanical and electromechanical deteriorations, including bearing wear, gear backlash, joint misalignment, and imbalance of motor torque, may negatively affect performance, safety, and production unless inner problems are revealed early. The traditional methods of maintenance, such as reactive repairs and fixed-interval inspections, are inefficient and do not capture the faults in their early stages, whereas the current machine learning-based solutions typically process sensor signals separately, neglecting inter-joint kinematic constraints, and are not physically interpretable, leading to poor performance in cases of rare or hidden faults. This paper will solve these challenges by introducing a Hierarchical Temporal-Graph Physics-Guided Fusion Network (HT-GP-FusionNet) in predictive fault diagnosis of robotic arms. The framework incorporates hierarchical temporal modeling to decompose short-term and long-term dynamics in multi-sensor data consisting of accelerometers, gyroscopes, motor currents, and joint positions, and a graph neural network fully captures the inter-joint relationships and fault propagation along the kinematic chain. It uses a physics-based regularization that requires consistency with motion equations and energy conservation laws, and generates samples of faults to be generated by a generative fault augmentation model to promote few-shot generalization. The experimental results on a set of 50,000 sequences (10 sensors, five fault types) sampled at 1 kHz show that HT-GP-FusionNet outperforms CNN (89.3), LSTM (90.5), CNN-LSTM (92.8), and GNN-based (93.6) models in all metrics and has higher recall with rare faults, and can be used when the number is unbalanced. These conclusions have been proved by ablation experiments that show temporal modeling, graph reasoning, physics-guided regularization, and data augmentation make significant contributions to performance. In general, HT-GP-FusionNet offers a scalable, interpretable, and physics-consistent solution to the early and accurate predictive Journal of Wireless Mobile Networks, Ubiquitous Computing, and Dependable Applications (JoWUA), volume: 17, number: 1 (March - 2026), pp. 612-629. DOI: 10.58346/JOWUA.2026.I1.034 *Corresponding author: Research Scholar, Department of Robotics Engineering, Karunya Institute of Technology and Sciences, Coimbatore, India. ===== PAGE 2 ===== A Novel Hierarchical Temporal–Graph Physics-Guided Fusion Network for Predictive Fault Diagnosis in Robotic Arms Balaji Periasamy et al. 613 maintenance, hence higher reliability, safety, and operational efficiency during industrial robotic systems. Keywords: Robotic Arms, Predictive Fault Diagnosis, Physics-Guided Learning, Graph Transformer, Hierarchical Temporal Modeling, Multi-Sensor Fusion, Predictive Maintenance.","Robotic Arms, Predictive Fault Diagnosis, Physics-Guided Learning, Graph Transformer, Hierarchical Temporal Modeling, Multi-Sensor Fusion, Predictive Maintenance.",Periasamy et al. - 2026 - A Novel Hierarchical Temporal–Graph Physics-Guided Fusion Network for Predictive Fault Diagnosis in.pdf,article,en,
P019,Investigation of the Capabilities of Artificial Intelligence in Predictive Maintenance of Technical Equipment,,2025,10.1109/bts-i2c67944.2025.11399459,,local_pdf_corpus,"—Predictive maintenance promises to curb unplanned downtime and extend asset life, yet real-world deployments struggle with scarce fault labels, strict privacy rules, and limited edge-compute budgets. This paper presents an end-to-end framework that combines a physics-based digital twin, contrastive self-supervised representation learning, and FedProx-style federated optimisation to deliver sub-second anomaly detection on low-power industrial edge devices while keeping raw data on-site. A 12 000-hour pilot on five induction- motor drives achieved an F1-score of 0.92—13 percentage points above the best fully supervised baseline—and issued a single true bearing-fault alert 19 days in advance, avoiding an estimated 32 500 Euro in downtime. The encoder–classifier stack fits in 18 MB of memory, runs at 2.4 ms latency on an NVIDIA Jetson Orin Nano, and exchanges only 6.5 MB of encrypted weight updates every six hours. These results indicate that self-supervision, synthetic replay, and privacy- preserving federation together form a scalable path toward industry-grade, regulation-compliant predictive maintenance. Keywords—predictive maintenance, self-supervised learning, federated learning, digital twin, edge computing, industrial IoT, remaining useful life I. INTRODUCTION Predictive Maintenance (PdM) has emerged as a cornerstone of modern industrial asset management, promising to minimize unscheduled downtime, extend the useful life of equipment, and optimize spare-parts logistics [1]. The transition from schedule-based preventive maintenance to data-driven PdM has been accelerated by three converging trends: (a) the widespread deployment of low-cost sensor networks, (b) the exponential growth of computing power at the edge and in the cloud, and (c) advances in Artificial Intelligence (AI) and Machine Learning (ML) capable of extracting actionable insights from heterogeneous, high-frequency data streams [2, 3]. Despite demonstrable successes, existing PdM deployments frequently face three critical challenges: 1. Scarcity of labeled fault data. Catastrophic failures are rare events, making supervised learning hard to scale [4]. 2. Data and model silos. Privacy and intellectual-property constraints hamper cross-site knowledge transfer [5]. 3. Concept drift. Mechanical wear, changes in operating regimes, and retrofitted components continuously shift the data distribution, degrading model accuracy over time [6]. To address these gaps, we propose a self-supervised, federated learning framework that leverages synthetic data generated by a physics-based digital twin to bootstrap representation learning, followed by site-specific fine-tuning on a minimal set of real fault trajectories. Our main contributions are: • A three-tier architecture — Edge Sensor Fusion - Self-Supervised Pre-Trainer - Federated Orchestrator — that can be deployed on commercially available edge GPUs. • A contrastive pre-training strategy enabling robust anomaly detection with < 1 % labeled data. • An experimental evaluation on an induction-motor drive showing a 12 % F1-score improvement over state-of-the-art baselines while preserving data sovereignty. The remainder of the paper is organized as follows: Section 2 reviews the theoretical foundations of AI-driven PdM; Section 3 surveys related work; Section 4 details the proposed framework; Sections 5–6 present the experimental setup and results; Section 7 discusses implementation considerations; and Section 8 concludes the paper. II. THEORETICAL BACKGROUND A. Prognostics & Health Management Workflow The canonical Prognostics & Health Management (PHM) loop comprises four stages: Data Acquisition, Feature Engineering, Health Assessment, and Prognostics [7]. In AI-centric PdM, feature engineering is progressively replaced by learned representations, and prognostics is cast as a Remaining Useful Life (RUL) regression or a binary/multiclass fault-prediction task. B. Machine Learning Paradigms for PdM • Supervised Learning. Requires historical run-to-failure data; common models include Random Forests, Gradient-Boosted Trees, and Deep Neural Networks [8]. 979-8-3315-7521-2/25/$31.00 ©2025 IEEE 2025 2nd Beyond Technology Summit on Informatics International Conference (BTS-I2C) 2025 2nd Beyond Technology Summit on Informatics International Conference (BTS-I2C) 858 2025 2nd Beyond Technology Summit on Informatics International Conference (BTS-I2C) | 979-8-3315-7521-2/25/$31.00 ©2025 IEEE | DOI: 10.1109/BTS-I2C67944.2025.11399459 Authorized licensed use limited to: FUNDACAO UNIVERSIDADE DO RIO GRANDE. Downloaded on June 26,2026 at 15:57:56 UTC from IEEE Xplore. Restrictions apply. ===== PAGE 2 ===== • Unsupervised / Self-Supervised Learning. Detects deviations from normality without labeled faults; techniques range from Principal Component Analysis to autoencoders and contrastive time-series models [9]. • Reinforcement Learning. Optimizes maintenance scheduling policies by balancing downtime costs against prev",,Safiullin y Gennadievich Isavnin - 2025 - Investigation of the Capabilities of Artificial Intelligence in Predictive Maintenance of Technical.pdf,article,en,
P020,Graph Cardinality Preserved Attention Network for Fault Diagnosis of Induction Motor Under Varying Speed and Load Condition,,2021,10.1109/tii.2021.3112696,,local_pdf_corpus,"—During the long-term operation of motors, their working conditions are changing due to the industrial demands or declining health status, and traditional diagno- sis methods perform poorly in that case. This article pro- poses a fault diagnosis method based on graph cardinal- ity preserved attention network (GCPAT), which can work under varying working conditions, and can be generalized to the transient state. Diagnosis results are obtained by analyzing signal-converting graphs, which are composed of nodes and edges. First, the vibration signals are con- verted into symmetrical snowﬂake images by symmetrized dot pattern (SDP) method. Second, SLIC is developed to make homogeneous super-pixels in SDP images as nodes, and form graphs according to color, texture, and distance features. Finally, the GCPAT is utilized to distinguish mo- tor status. Compared with other state-of-art methods, the results show the out-performance of GCPAT under varying working conditions both in steady and transient state.",,Tang et al. - 2022 - Graph Cardinality Preserved Attention Network for Fault Diagnosis of Induction Motor Under Varying S.pdf,article,en,
P021,CDGCN: A CNN-enhanced dynamic graph convolutional network for multimodal fault diagnosis,Songhua Xiao,2026,10.1016/j.measurement.2026.120788,,local_pdf_corpus,"Intelligent fault diagnosis of rotating machinery under variable-speed and high-noise conditions remains chal- lenge. Current deep learning-based approaches to multimodal fault diagnosis (e.g., using vibration and acoustic signals) face two major limitations. First, the approaches struggle to effectively fuse heterogeneous yet com- plementary information across different modalities. Second, when employing Graph Neural Networks (GNNs), they often rely on manually defined or static graph structures. This reliance prevents end-to-end, data-driven optimization and limits the adaptability to varying working conditions. To address these limitations, this paper proposes a novel CNN-enhanced Dynamic Graph Convolutional Network (CDGCN) for cross-modal fault diag- nosis using vibration and acoustic signals. The CDGCN introduces an adaptively dynamic, data-driven graph construction strategy. A shared CNN first extracts local discriminative features from raw signals and maps them into probability distributions, from which Sinkhorn-approximated Wasserstein distances are computed to construct a dynamic adjacency matrix. The resulting graph structure enables a Graph Convolutional Network (GCN) to adaptively model inter-segment and cross-modal interactions, with the original CNN features serving as rich node attributes. This architecture effectively integrates temporal pattern extraction and spatial relationship learning, significantly enhancing diagnostic robustness under complex, variable-speed operating conditions. Extensive experiments on a self-developed multi-sensor bearing dataset validate the superiority of the proposed method, with classification accuracy exceeding 98.7% across various rotational speeds. Ablation and sensitivity analyses further confirm the effectiveness of dynamic graph construction and the critical role of the entropic regularization parameter ε.","Fault diagnosis Graph neural network Wasserstein distance Dynamic graph structure Multimodal fusion A B S T R A C T Intelligent fault diagnosis of rotating machinery under variable-speed and high-noise conditions remains chal- lenge. Current deep learning-based approaches to multimodal fault diagnosis (e.g., using vibration and acoustic signals) face two major limitations. First, the approaches struggle to effectively fuse heterogeneous yet com- plementary information across different modalities. Second, when employing Graph Neural Networks (GNNs), they often rely on manually defined or static graph structures. This reliance prevents end-to-end, data-driven optimization and limits the adaptability to varying working conditions. To address these limitations, this paper proposes a novel CNN-enhanced Dynamic Graph Convolutional Network (CDGCN) for cross-modal fault diag- nosis using vibration and acoustic signals. The CDGCN introduces an adaptively dynamic, data-driven graph construction strategy. A shared CNN first extracts local discriminative features from raw signals and maps them into probability distributions, from which Sinkhorn-approximated Wasserstein distances are computed to construct a dynamic adjacency matrix. The resulting graph structure enables a Graph Convolutional Network (GCN) to adaptively model inter-segment and cross-modal interactions, with the original CNN features serving as rich node attributes. This architecture effectively integrates temporal pattern",Xiao et al. - 2026 - CDGCN A CNN-enhanced dynamic graph convolutional network for multimodal fault diagnosis.pdf,article,en,
P022,Noise-Robust and Edge Deployable ML Framework for Predictive Maintenance of Industrial Motors,,2025,10.3390/en17010008,,local_pdf_corpus,"—Industrial three-phase induction motors are critical to manufacturing operations, yet their failure can cause costly downtime and maintenance overhead. This work introduces a machine learning framework tailored for fault diagnosis and severity assessment in such motors, using synthetic data that replicates six realistic electromagnetic and mechanical fault con- ditions. The system employs synchronized vibration and current signals, and evaluates several classifiers—including LSTM, GRU, TCN, RNN, and Random Forest—under varying industrial noise profiles such as phase jitter, frequency drift, and transient spikes. Experimental results demonstrate that time-series models con- sistently outperform classical approaches in noisy environments. For deployment on resource-constrained edge devices, structured pruning and quantization are applied to reduce model size and latency. Beyond motor fault classification, the framework also detects and visualizes approximately spherical clusters to comprehend fault severity levels. The proposed system enables scalable fault monitoring and low-latency predictive maintenance optimized for embedded industrial environments.",,Zahra et al. - 2025 - Noise-Robust and Edge Deployable ML Framework for Predictive Maintenance of Industrial Motors.pdf,article,en,
P023,Motor Fault Prediction Based on Graph Convolutional Networks with Signal Association Mining,,2026,,,local_pdf_corpus,"Vibration signals are often used to analyze and recognize the characters of faults that verify in the operation of induction motors. At present, the processing method of fault data is mainly through expert judgment and analysis, and the processing cost is high. In recent years, induction motor fault data processing models with deep learning method have been utilized in induction motor fault diagnosis tasks. In the study, a type of deep learning algorithm of graph convolutional neural network based on multi-head attention enhancement is proposed to determine the fault type of induction motor by using time series fault data. The proposed method firstly obtains the extended time sequence feature representation, encodes the input fault node data through utilizing graph convolutional network, and finally realizes the obtained fault type classification of induction motor through recurrent neural network and nonlinear layer. The corresponding experimental results shown that the proposed approach could achieve the competitive performance in certain dataset. ===== PAGE 2 ===== Beibei Zhang et al. / Procedia Computer Science 281 (2026) 1022–1028 1023 forests, and fuzzy inference to learn the operation and fault modes from manually constructed features, so as to realize motor fault classification and diagnosis [3]. Traditionally, motor fault diagnosis has been regarded as a knowledge-driven discipline [4-5]. It requires researchers to possess sufficient professional domain knowledge— including expertise in signal processing, vibration mechanics, and fault mechanisms—to manually design and construct effective features [6]. In the feature processing stage, researchers need sufficient professional domain knowledge for feature construction, and the time cost is relatively high [7-9]. With the rapid development of sensor method, the detectable motor operation signals have shown a trend of large volume, diversity, and high speed in both accuracy and signal types [10]. Of course, we note that the previously proposed corresponding algorithms that might only consider the analysis model or certain algorithms on certain specific problems such as population migration and disease transmission [11]. Traditional manual feature design and extraction methods have become extremely difficult, and the corresponding time and labor costs are also unbearable [12]. It seems a small real world. To be specific, in a social network, adjacency matrix is an important representation method for a graph. However, adjacency matrix only keeps the local information of network node structure and the citation network node structure information of non-adjacent nodes cannot be kept. By constructing a graph where nodes represent sensor signals or extracted features and edges denote their physical or statistical relationships, the GCN can explicitly model the non-Euclidean structure of the data [13]. Furthermore, the multi-head attention mechanism enables the method to comprehensively obtain to node information from the various dimension representation node subspaces at different locations, capturing nuanced cross-channel dependencies and yielding more refined temporal encodings than conventional approaches. In AGM algorithm, a social network is divided into overlapping part and non-overlapping part, which can be attributed a larger edge connection density than the non-overlapping part; therefore a probabilistic node graph structure is emerged to the structure and the nodes can be partitioned into communities by using different network node layer; MDDBMS employs the degree of each node to evaluate the density of each node, then the node with largest density is selected as the initial node of a cluster; the cluster is extended by neighbourhood search and all nodes which belong to the current cluster are added into the cluster by the discriminant criterion [14]. Firstly, the multi-head attention mechanism maps low-dimensional signal features into different embedding spaces, and the enhanced signals of the final time-series nodes are obtained through signal fusion [15]. For the encoded enhanced signals of different time nodes, the cosine similarity scores between every two time-series node embeddings are calculated and sorted. The Top-K potentially correlated node pairs are selected to construct an adjacency matrix with 0/1 weights. However, notwithstanding the evaluate methods above obtained competitive performance, they only consider the value of different link weightings between different subspace layers, which can be cause an effect on evaluation experimental results. Inspired by the MOEE model framework, the graph node network structure can be utilized to encode the time-series nodes to achieve motor structure operation node information. Finally, the LSTM network and fully connected layers are adopted to achieve context learning of time- series data and classification of the motor operation state at the current time node, namely the classification of moto","Vibration signals, Motors; Fault diagnosis, Graph convolutional Network, Recurrent neural network",Zhang et al. - 2026 - Motor Fault Prediction Based on Graph Convolutional Networks with Signal Association Mining.pdf,article,en,Manual title correction; retained canonical copy.
P025,A Deployable Edge Computing Solution for Machine Condition Monitoring,,2024,10.1109/i2mtc60896.2024.10560795,,local_pdf_corpus,"—Machine condition monitoring and predictive maintenance are critical components of smart manufacturing. The realization of machine predictive maintenance relies on synthetic integration of advanced sensing, Internet of Things (IoT), cloud computing, and Artificial Intelligence (AI)-enabled data analytics for machine condition diagnosis and prognosis. One challenge that hurdles the manufacturing shop floor from implementing predictive maintenance is its outdated hardware and limited internet bandwidth, which prevents the floor from transmitting all collected data to the cloud for centralized data analytics. One promising solution is edge-cloud computing and decision-making architecture. In such an infrastructure, collected sensing data will be first processed on edge to directly obtain machine diagnosis results (e.g., normal vs. abnormal), and only extracted features or selected raw data will be transmitted to the cloud for further analytics (e.g., remaining life prognosis). To improve the affordability and applicability of edge computing, this study proposed a novel and deployable edge device that adopts a feature-based Tiny Machine Learning (Tiny ML) model to achieve vibration data processing and machine condition monitoring while maintaining the modeling generalizability and computing efficiency. It integrates a Microelectromechanical Systems (MEMS) accelerometer for vibration data sampling (up to 20 kHz) and a microcontroller for edge computing and communication to the cloud. The integral IoT system, which involves the edge device, cloud services, and wireless communication between the edge and cloud is presented, emphasizing its plug-and-play capability. In this framework, MQTT protocol is adopted for communication among edge, cloud, and end users, allowing processed signal information and machine diagnosis results to be published to end users in real-time. Extensive experiments have been conducted in the context of industrial motor condition monitoring and fault diagnosis. High classification accuracy has been demonstrated by the device-deployable Tiny ML, comparable or even better than the integration of high-cost commercial sensors with more advanced ML analytics. Additionally, the edge device’s durability and power efficiency are also evaluated. Keywords—Edge computing, Tiny ML, machine condition monitoring, fault diagnosis I. INTRODUCTION Industry 4.0 is transforming conventional manufacturing shop floor to smart factories, which are driven by advanced technologies such as the Internet of Things (IoT), cyber- physical systems, Machine Learning (ML), Artificial Intelligence (AI), big data analytics, digital twins, etc. [1]. By integrating these techniques, manufacturing systems can be greatly enhanced, achieving reliability with real-time machine health monitoring and prognosis, efficiency by optimizing processes for improved cycling time and quality control, and sustainability by reducing scrap rates and material waste. A representative application of this integration is machine prognosis and predictive maintenance, which encompasses real-time machine condition monitoring, diagnosis of abnormal conditions, and prognosis of machine remaining useful life [2] to proactively schedule maintenance actions toward reduced maintenance downtime and maintenance costs. Achieving condition monitoring relies on two elements: sensors (e.g., vibration, current) and sensing data analytics. A conventional way of realizing predictive maintenance on the shop floor is through cloud computing, namely transmitting all collected sensor data from local machines to the cloud and performing data analytics and decision making on the cloud. Due to the large number of sensors employed to cover the entire shop floor which results in high demands for power and cloud sources for data transmission, and outdated hardware (i.e., limited internet bandwidth) [3], implementing cloud computing and centralized decision-making is not applicable for most manufacturers. Even though the data eventually migrates to the cloud, extensive storage and computing resources required for data management and analysis lead to increased costs beyond capital investment. Edge computing emerges as a promising solution for handling big data. Since its introduction in 2004, edge computing has been attracting attention from academia and industry, because of its cost-effective computing power, streamlined data processing pipeline, and good scalability compared to cloud computing [4]. It has been widely investigated in various fields, such as process monitoring [5], quality control [6], and machine predictive maintenance [7]. In the area of predictive maintenance, edge computing can fulfill the four fundamental elements of machine condition monitoring on a single chip: data acquisition, data preprocessing, feature extraction, and pattern recognition [8]. Data acquisition and preprocessing related studies adapt conventional data filtering, enhancement, and compr",,Zhao y Wang - 2024 - A Deployable Edge Computing Solution for Machine Condition Monitoring.pdf,article,en,
